ra_game_id,title,category,achievements,ra_hashes,status,local_roms,local_releases,dat_entries,dat_games,nointro_db_files,nointro_db_titles,local_sources,other_platform_db
504,Super Mario Land,Official,34,4,local,4,"Super Mario Land (World) (Rev 1),Super Mario Land (World)",8,"Super Mario Land (World) (Rev 1),Super Mario Land (World)",0,,"nointro,retroachievements",
508,Tetris,Official,13,3,local,3,"Tetris (Japan) (En),Tetris (World) (Rev 1)",8,"Tetris (Japan) (En),Tetris (World) (Rev 1)",0,,"nointro,retroachievements",
511,Double Dragon,Official,11,2,local,2,"Double Dragon (Japan) (En),Double Dragon (USA, Europe)",8,"Double Dragon (Japan) (En),Double Dragon (USA, Europe)",0,,"nointro,retroachievements",
521,Metroid II: Return of Samus,Official,25,3,local,3,Metroid II - Return of Samus (World),4,Metroid II - Return of Samus (World),0,,"nointro,retroachievements",
522,DuckTales,Official,40,4,local,4,"DuckTales (USA),DuckTales (Japan),DuckTales (Europe)",12,"DuckTales (USA),DuckTales (Japan),DuckTales (Europe)",0,,"nointro,retroachievements",
523,Double Dragon II,Official,10,1,local,1,"Double Dragon II (USA, Europe)",4,"Double Dragon II (USA, Europe)",0,,"nointro,retroachievements",
540,Super Mario Land 2: 6 Golden Coins,Official,28,8,local,8,"Super Mario Land 2 - 6 Golden Coins (USA, Europe) (Rev 1),Super Mario Land 2 - 6 Golden Coins (USA, Europe) (Rev 2),Super Mario Land 2 - 6-tsu no Kinka (Japan),Super Mario Land 2 - 6-tsu no Kinka (Japan) (Rev 2),Super Mario Land 2 - 6 Golden Coins (USA, Europe)",20,"Super Mario Land 2 - 6 Golden Coins (USA, Europe) (Rev 1),Super Mario Land 2 - 6 Golden Coins (USA, Europe) (Rev 2),Super Mario Land 2 - 6-tsu no Kinka (Japan),Super Mario Land 2 - 6-tsu no Kinka (Japan) (Rev 2),Super Mario Land 2 - 6 Golden Coins (USA, Europe)",0,,"nointro,retroachievements",
547,Double Dragon 3: The Arcade Game,Official,14,1,local,1,"Double Dragon 3 - The Arcade Game (USA, Europe)",4,"Double Dragon 3 - The Arcade Game (USA, Europe)",0,,"nointro,retroachievements",
549,Bart Simpson's Escape from Camp Deadly,Official,13,1,local,1,"Bart Simpson's Escape from Camp Deadly (USA, Europe)",4,"Bart Simpson's Escape from Camp Deadly (USA, Europe)",0,,"nointro,retroachievements",
550,RoboCop,Official,23,1,local,1,"RoboCop (USA, Europe) (Rev 1)",4,"RoboCop (USA, Europe) (Rev 1)",0,,"nointro,retroachievements",
586,Pokémon Blue Version,Official,90,3,local,2,"Pokemon - Blue Version (USA, Europe) (SGB Enhanced)",4,"Pokemon - Blue Version (USA, Europe) (SGB Enhanced)",0,,"nointro,retroachievements",
595,Yu-Gi-Oh! Duel Monsters,Official,96,8,local,8,"Yu-Gi-Oh! Duel Monsters (World) (Early Days Collection) (SGB Enhanced),Yu-Gi-Oh! Duel Monsters (World) (De) (Early Days Collection) (SGB Enhanced),Yu-Gi-Oh! Duel Monsters (World) (Ja) (Early Days Collection) (SGB Enhanced),Yu-Gi-Oh! Duel Monsters (World) (Es) (Early Days Collection) (SGB Enhanced),Yu-Gi-Oh! Duel Monsters (World) (Fr) (Early Days Collection) (SGB Enhanced),Yu-Gi-Oh! Duel Monsters (Japan) (SGB Enhanced),Yu-Gi-Oh! Duel Monsters (World) (It) (Early Days Collection) (SGB Enhanced)",28,"Yu-Gi-Oh! Duel Monsters (World) (Early Days Collection) (SGB Enhanced),Yu-Gi-Oh! Duel Monsters (World) (De) (Early Days Collection) (SGB Enhanced),Yu-Gi-Oh! Duel Monsters (World) (Ja) (Early Days Collection) (SGB Enhanced),Yu-Gi-Oh! Duel Monsters (World) (Es) (Early Days Collection) (SGB Enhanced),Yu-Gi-Oh! Duel Monsters (World) (Fr) (Early Days Collection) (SGB Enhanced),Yu-Gi-Oh! Duel Monsters (Japan) (SGB Enhanced),Yu-Gi-Oh! Duel Monsters (World) (It) (Early Days Collection) (SGB Enhanced)",0,,"nointro,retroachievements",
669,The Legend of Zelda: Link's Awakening,Official,30,4,local,4,"Legend of Zelda, The - Link's Awakening (France),Legend of Zelda, The - Link's Awakening (USA, Europe) (Rev 2),Legend of Zelda, The - Link's Awakening (Germany),Zelda no Densetsu - Yume o Miru Shima (Japan)",16,"Legend of Zelda, The - Link's Awakening (France),Legend of Zelda, The - Link's Awakening (USA, Europe) (Rev 2),Legend of Zelda, The - Link's Awakening (Germany),Zelda no Densetsu - Yume o Miru Shima (Japan)",0,,"nointro,retroachievements",
674,The Smurfs,Official,40,1,local,1,"Smurfs, The (Europe) (En,Fr,De,Es)",4,"Smurfs, The (Europe) (En,Fr,De,Es)",0,,"nointro,retroachievements",
680,Game & Watch Gallery,Official,27,1,local,1,Game & Watch Gallery (USA) (Rev 1) (SGB Enhanced),4,Game & Watch Gallery (USA) (Rev 1) (SGB Enhanced),0,,"nointro,retroachievements",
682,Alleyway,Official,16,3,local,3,Alleyway (World),4,Alleyway (World),0,,"nointro,retroachievements",
683,Baseball,Official,20,1,local,1,Baseball (World),4,Baseball (World),0,,"nointro,retroachievements",
687,The Bugs Bunny Crazy Castle,Official,30,2,local,2,"Bugs Bunny Crazy Castle, The (USA, Europe),Mickey Mouse (Japan) (En)",8,"Bugs Bunny Crazy Castle, The (USA, Europe),Mickey Mouse (Japan) (En)",0,,"nointro,retroachievements",
688,Bugs Bunny Crazy Castle II,Official,15,1,local,1,"Bugs Bunny Crazy Castle 2, The (USA)",4,"Bugs Bunny Crazy Castle 2, The (USA)",0,,"nointro,retroachievements",
689,Castlevania: The Adventure,Official,28,1,local,1,Castlevania - The Adventure (USA),4,Castlevania - The Adventure (USA),0,,"nointro,retroachievements",
690,Contra: The Alien Wars,Official,32,1,local,1,Contra - The Alien Wars (USA) (SGB Enhanced),4,Contra - The Alien Wars (USA) (SGB Enhanced),0,,"nointro,retroachievements",
692,Donkey Kong,Official,62,2,local,2,"Donkey Kong (World) (Rev 1) (SGB Enhanced),Donkey Kong (Japan, USA) (En) (SGB Enhanced)",8,"Donkey Kong (World) (Rev 1) (SGB Enhanced),Donkey Kong (Japan, USA) (En) (SGB Enhanced)",0,,"nointro,retroachievements",
693,Donkey Kong Land,Official,56,1,local,1,"Donkey Kong Land (USA, Europe) (SGB Enhanced)",4,"Donkey Kong Land (USA, Europe) (SGB Enhanced)",0,,"nointro,retroachievements",
694,Donkey Kong Land 2,Official,28,2,local,2,"Donkey Kong Land 2 (USA, Europe) (SGB Enhanced)",4,"Donkey Kong Land 2 (USA, Europe) (SGB Enhanced)",0,,"nointro,retroachievements",
695,Donkey Kong Land III,Official,43,2,local,2,"Donkey Kong Land III (USA, Europe) (SGB Enhanced),Donkey Kong Land III (USA, Europe) (Rev 1) (SGB Enhanced)",8,"Donkey Kong Land III (USA, Europe) (SGB Enhanced),Donkey Kong Land III (USA, Europe) (Rev 1) (SGB Enhanced)",0,,"nointro,retroachievements",
696,Dr. Mario,Official,69,1,local,1,Dr. Mario (World),4,Dr. Mario (World),0,,"nointro,retroachievements",
698,Dragon's Lair: The Legend,Official,11,1,local,1,Dragon's Lair - The Legend (USA),4,Dragon's Lair - The Legend (USA),0,,"nointro,retroachievements",
699,Earthworm Jim,Official,38,1,local,1,Earthworm Jim (USA),4,Earthworm Jim (USA),0,,"nointro,retroachievements",
700,Final Fantasy Legend III,Official,52,3,local,3,Final Fantasy Legend III (USA),4,Final Fantasy Legend III (USA),0,,"nointro,retroachievements",
701,Arcade Classic No. 3: Galaga & Galaxian,Official,42,2,local,2,Arcade Classic No. 3 - Galaga & Galaxian (USA) (SGB Enhanced),4,Arcade Classic No. 3 - Galaga & Galaxian (USA) (SGB Enhanced),0,,"nointro,retroachievements",
704,Kid Icarus: Of Myths and Monsters,Official,36,1,local,1,"Kid Icarus - Of Myths and Monsters (USA, Europe)",4,"Kid Icarus - Of Myths and Monsters (USA, Europe)",0,,"nointro,retroachievements",
705,Kirby's Block Ball,Official,76,1,local,1,"Kirby's Block Ball (USA, Europe) (SGB Enhanced)",4,"Kirby's Block Ball (USA, Europe) (SGB Enhanced)",0,,"nointro,retroachievements",
706,Kirby's Dream Land,Official,35,5,local,5,"Hoshi no Kirby (Japan) (Rev 1),Kirby's Dream Land (USA, Europe),Hoshi no Kirby (Japan)",12,"Hoshi no Kirby (Japan) (Rev 1),Kirby's Dream Land (USA, Europe),Hoshi no Kirby (Japan)",0,,"nointro,retroachievements",
707,Kirby's Dream Land 2,Official,37,1,local,1,"Kirby's Dream Land 2 (USA, Europe) (SGB Enhanced)",4,"Kirby's Dream Land 2 (USA, Europe) (SGB Enhanced)",0,,"nointro,retroachievements",
708,Kirby's Pinball Land,Official,27,2,local,2,"Kirby no Pinball (Japan),Kirby's Pinball Land (USA, Europe)",8,"Kirby no Pinball (Japan),Kirby's Pinball Land (USA, Europe)",0,,"nointro,retroachievements",
712,Mega Man IV,Official,79,4,local,4,"Rockman World 4 (Japan),Mega Man IV (USA),Mega Man IV (Europe)",12,"Rockman World 4 (Japan),Mega Man IV (USA),Mega Man IV (Europe)",0,,"nointro,retroachievements",
715,Mighty Morphin Power Rangers: The Movie,Official,20,1,local,1,"Mighty Morphin Power Rangers - The Movie (USA, Europe) (SGB Enhanced)",4,"Mighty Morphin Power Rangers - The Movie (USA, Europe) (SGB Enhanced)",0,,"nointro,retroachievements",
716,Mortal Kombat,Official,26,2,local,2,"Mortal Kombat - Shinken Kourin Densetsu (Japan) (En),Mortal Kombat (USA, Europe)",8,"Mortal Kombat - Shinken Kourin Densetsu (Japan) (En),Mortal Kombat (USA, Europe)",0,,"nointro,retroachievements",
717,Mortal Kombat II,Official,33,1,local,1,"Mortal Kombat II (USA, Europe)",4,"Mortal Kombat II (USA, Europe)",0,,"nointro,retroachievements",
718,Mortal Kombat 3,Official,43,1,local,1,"Mortal Kombat 3 (USA, Europe)",4,"Mortal Kombat 3 (USA, Europe)",0,,"nointro,retroachievements",
719,Pac-Man,Official,17,3,local,3,"Pac-Man (Japan) (En),Pac-Man (Europe),Pac-Man (USA)",12,"Pac-Man (Japan) (En),Pac-Man (Europe),Pac-Man (USA)",0,,"nointro,retroachievements",
720,Penguin Wars,Official,17,1,local,1,Penguin Wars (USA),4,Penguin Wars (USA),0,,"nointro,retroachievements",
723,Pokémon Yellow Version: Special Pikachu Edition,Official,76,2,local,2,"Pokemon - Yellow Version - Special Pikachu Edition (USA, Europe) (CGB+SGB Enhanced)",4,"Pokemon - Yellow Version - Special Pikachu Edition (USA, Europe) (CGB+SGB Enhanced)",0,,"nointro,retroachievements",
724,Pokémon Red Version,Official,93,2,local,2,"Pokemon - Red Version (USA, Europe) (SGB Enhanced)",4,"Pokemon - Red Version (USA, Europe) (SGB Enhanced)",0,,"nointro,retroachievements",
729,Space Invaders,Official,19,2,local,2,"Space Invaders (Europe) (SGB Enhanced),Space Invaders (USA) (SGB Enhanced)",8,"Space Invaders (Europe) (SGB Enhanced),Space Invaders (USA) (SGB Enhanced)",0,,"nointro,retroachievements",
730,Spot: The Video Game,Official,19,1,local,1,Spot - The Video Game (USA),4,Spot - The Video Game (USA),0,,"nointro,retroachievements",
731,Street Fighter II,Official,37,2,local,2,"Street Fighter II (USA, Europe) (Rev 1) (SGB Enhanced),Street Fighter II (Japan) (SGB Enhanced)",8,"Street Fighter II (USA, Europe) (Rev 1) (SGB Enhanced),Street Fighter II (Japan) (SGB Enhanced)",0,,"nointro,retroachievements",
733,The Sword of Hope,Official,27,3,local,3,"Sword of Hope, The (USA),Selection - Erabareshi Mono (Japan),Sword of Hope, The (Sweden)",12,"Sword of Hope, The (USA),Selection - Erabareshi Mono (Japan),Sword of Hope, The (Sweden)",0,,"nointro,retroachievements",
734,Tamagotchi,Official,21,2,local,2,"Tamagotchi (USA, Europe) (SGB Enhanced),Game de Hakken!! Tamagotchi (Japan) (SGB Enhanced)",8,"Tamagotchi (USA, Europe) (SGB Enhanced),Game de Hakken!! Tamagotchi (Japan) (SGB Enhanced)",0,,"nointro,retroachievements",
735,Teenage Mutant Ninja Turtles: Fall of the Foot Clan,Official,26,2,local,2,"Teenage Mutant Hero Turtles - Fall of the Foot Clan (Europe),Teenage Mutant Ninja Turtles - Fall of the Foot Clan (USA)",8,"Teenage Mutant Hero Turtles - Fall of the Foot Clan (Europe),Teenage Mutant Ninja Turtles - Fall of the Foot Clan (USA)",0,,"nointro,retroachievements",
736,Teenage Mutant Ninja Turtles II: Back from the Sewers,Official,31,1,local,1,Teenage Mutant Ninja Turtles II - Back from the Sewers (USA),4,Teenage Mutant Ninja Turtles II - Back from the Sewers (USA),0,,"nointro,retroachievements",
739,Wario Land: Super Mario Land 3,Official,25,1,local,1,,0,,0,,retroachievements,
740,Wario Land II,Official,19,1,local,1,"Wario Land II (USA, Europe) (SGB Enhanced)",4,"Wario Land II (USA, Europe) (SGB Enhanced)",0,,"nointro,retroachievements",
743,Yoshi,Official,28,1,local,1,Yoshi (USA),4,Yoshi (USA),0,,"nointro,retroachievements",
1394,Judge Dredd,Official,27,2,local,2,"Judge Dredd (USA, Europe),Judge Dredd (Japan) (En)",8,"Judge Dredd (USA, Europe),Judge Dredd (Japan) (En)",0,,"nointro,retroachievements",
1395,Motocross Maniacs,Official,36,2,local,2,"Motocross Maniacs (Europe),Motocross Maniacs (USA)",8,"Motocross Maniacs (Europe),Motocross Maniacs (USA)",0,,"nointro,retroachievements",
2118,Bomb Jack,Official,40,1,local,1,Bomb Jack (Europe),4,Bomb Jack (Europe),0,,"nointro,retroachievements",
2180,Trip World,Official,27,2,local,2,"Trip World (Europe),Trip World (Japan) (En)",8,"Trip World (Europe),Trip World (Japan) (En)",0,,"nointro,retroachievements",
2184,Balloon Kid,Official,15,1,local,1,"Balloon Kid (USA, Europe)",4,"Balloon Kid (USA, Europe)",0,,"nointro,retroachievements",
2210,Gremlins 2: The New Batch,Official,47,1,local,1,Gremlins 2 - The New Batch (World),4,Gremlins 2 - The New Batch (World),0,,"nointro,retroachievements",
2211,Battletoads,Official,28,1,local,1,"Battletoads (USA, Europe)",4,"Battletoads (USA, Europe)",0,,"nointro,retroachievements",
2223,Kirby's Star Stacker,Official,16,1,local,1,"Kirby's Star Stacker (USA, Europe) (SGB Enhanced)",4,"Kirby's Star Stacker (USA, Europe) (SGB Enhanced)",0,,"nointro,retroachievements",
2231,Kid Dracula,Official,27,1,local,1,"Kid Dracula (USA, Europe)",4,"Kid Dracula (USA, Europe)",0,,"nointro,retroachievements",
2245,Catrap,Official,22,1,local,1,Catrap (USA),4,Catrap (USA),0,,"nointro,retroachievements",
2251,Mega Man II,Official,44,4,local,4,"Mega Man II (USA),Mega Man II (Europe),Rockman World 2 (Japan)",12,"Mega Man II (USA),Mega Man II (Europe),Rockman World 2 (Japan)",0,,"nointro,retroachievements",
2253,Mega Man: Dr. Wily's Revenge,Official,33,5,local,5,"Mega Man - Dr. Wily's Revenge (Europe),Mega Man - Dr. Wily's Revenge (USA),Rockman World (Japan) (En)",12,"Mega Man - Dr. Wily's Revenge (Europe),Mega Man - Dr. Wily's Revenge (USA),Rockman World (Japan) (En)",0,,"nointro,retroachievements",
2255,Mega Man V,Official,43,4,local,3,"Rockman World 5 (Japan) (SGB Enhanced),Mega Man V (Europe) (SGB Enhanced),Mega Man V (USA) (SGB Enhanced)",12,"Rockman World 5 (Japan) (SGB Enhanced),Mega Man V (Europe) (SGB Enhanced),Mega Man V (USA) (SGB Enhanced)",0,,"nointro,retroachievements",
2265,Adventure Island,Official,27,1,local,1,"Adventure Island (USA, Europe)",4,"Adventure Island (USA, Europe)",0,,"nointro,retroachievements",
2384,Bomberman GB,Official,44,3,local,3,"Bomberman GB 2 (Japan) (SGB Enhanced),Bomberman GB (USA, Europe) (SGB Enhanced)",8,"Bomberman GB 2 (Japan) (SGB Enhanced),Bomberman GB (USA, Europe) (SGB Enhanced)",0,,"nointro,retroachievements",
2403,Final Fantasy Adventure,Official,50,2,local,1,Final Fantasy Adventure (USA),4,Final Fantasy Adventure (USA),0,,"nointro,retroachievements",
2409,Nettou The King of Fighters '95,Official,30,3,local,3,"Nettou The King of Fighters '95 (Japan) (SGB Enhanced),King of Fighters '95, The (Europe) (SGB Enhanced),King of Fighters '95, The (USA) (SGB Enhanced)",12,"Nettou The King of Fighters '95 (Japan) (SGB Enhanced),King of Fighters '95, The (Europe) (SGB Enhanced),King of Fighters '95, The (USA) (SGB Enhanced)",0,,"nointro,retroachievements",
2411,Gargoyle's Quest: Ghosts 'n Goblins,Official,31,1,local,1,"Gargoyle's Quest (USA, Europe)",4,"Gargoyle's Quest (USA, Europe)",0,,"nointro,retroachievements",
2434,World Heroes 2 JET,Official,33,1,local,1,"World Heroes 2 Jet (USA, Europe) (SGB Enhanced)",4,"World Heroes 2 Jet (USA, Europe) (SGB Enhanced)",0,,"nointro,retroachievements",
2436,Ganso!! Yancha-Maru,Official,19,1,local,1,Ganso!! Yancha Maru (Japan),4,Ganso!! Yancha Maru (Japan),0,,"nointro,retroachievements",
2437,Parasol Stars: The Story of Bubble Bobble III,Official,36,1,local,1,Parasol Stars - Rainbow Islands II (Europe),4,Parasol Stars - Rainbow Islands II (Europe),0,,"nointro,retroachievements",
2447,Tetris Attack,Official,49,2,local,2,"Tetris Attack (USA, Europe) (SGB Enhanced),Tetris Attack (USA, Europe) (Rev 1) (SGB Enhanced)",8,"Tetris Attack (USA, Europe) (SGB Enhanced),Tetris Attack (USA, Europe) (Rev 1) (SGB Enhanced)",0,,"nointro,retroachievements",
2450,Mario's Picross,Official,89,2,local,2,"Mario's Picross (USA, Europe) (SGB Enhanced),Mario no Picross (Japan) (SGB Enhanced)",8,"Mario's Picross (USA, Europe) (SGB Enhanced),Mario no Picross (Japan) (SGB Enhanced)",0,,"nointro,retroachievements",
2452,Mercenary Force,Official,42,1,local,1,"Mercenary Force (USA, Europe)",4,"Mercenary Force (USA, Europe)",0,,"nointro,retroachievements",
2454,Megalit,Official,15,2,local,2,"Megalit (Japan),Megalit (USA, Europe)",8,"Megalit (Japan),Megalit (USA, Europe)",0,,"nointro,retroachievements",
2455,Maru's Mission,Official,25,1,local,1,Maru's Mission (USA),4,Maru's Mission (USA),0,,"nointro,retroachievements",
2456,Marble Madness,Official,6,1,local,1,"Marble Madness (USA, Europe)",4,"Marble Madness (USA, Europe)",0,,"nointro,retroachievements",
2457,Magnetic Soccer,Official,14,1,local,1,Magnetic Soccer (Europe),4,Magnetic Soccer (Europe),0,,"nointro,retroachievements",
2460,Kwirk,Official,40,1,local,1,"Kwirk - He's A-maze-ing! (USA, Europe)",4,"Kwirk - He's A-maze-ing! (USA, Europe)",0,,"nointro,retroachievements",
2461,The Simpsons: Itchy & Scratchy - Miniature Golf Madness,Official,20,1,local,1,"Simpsons, The - Itchy & Scratchy - Miniature Golf Madness (USA, Europe)",4,"Simpsons, The - Itchy & Scratchy - Miniature Golf Madness (USA, Europe)",0,,"nointro,retroachievements",
2465,Bust-A-Move 2: Arcade Edition,Official,136,2,local,2,"Puzzle Bobble GB (Japan),Bust-A-Move 2 - Arcade Edition (USA, Europe)",8,"Puzzle Bobble GB (Japan),Bust-A-Move 2 - Arcade Edition (USA, Europe)",0,,"nointro,retroachievements",
2473,SD Lupin III: Kinko Yaburi Daisakusen,Official,11,1,local,1,SD Lupin Sansei - Kinko Yaburi Daisakusen (Japan),4,SD Lupin Sansei - Kinko Yaburi Daisakusen (Japan),0,,"nointro,retroachievements",
2475,Looney Tunes,Official,16,2,local,2,"Looney Tunes (USA, Europe),Looney Tunes - Bugs Bunny to Yukai na Nakama-tachi (Japan)",8,"Looney Tunes (USA, Europe),Looney Tunes - Bugs Bunny to Yukai na Nakama-tachi (Japan)",0,,"nointro,retroachievements",
2477,Mole Mania,Official,29,3,local,2,"Moguranya (Japan) (SGB Enhanced),Mole Mania (USA, Europe) (SGB Enhanced)",8,"Moguranya (Japan) (SGB Enhanced),Mole Mania (USA, Europe) (SGB Enhanced)",0,,"nointro,retroachievements",
2478,The Final Fantasy Legend,Official,40,2,local,2,"Final Fantasy Legend, The (USA)",4,"Final Fantasy Legend, The (USA)",0,,"nointro,retroachievements",
2479,Final Fantasy Legend II,Official,62,4,local,4,Final Fantasy Legend II (USA),4,Final Fantasy Legend II (USA),0,,"nointro,retroachievements",
2486,Yogi Bear's Gold Rush,Official,12,2,local,2,"Yogi Bear's Gold Rush (USA),Yogi Bear's Gold Rush (Europe)",8,"Yogi Bear's Gold Rush (USA),Yogi Bear's Gold Rush (Europe)",0,,"nointro,retroachievements",
2488,Saigo no Nindou,Official,24,1,local,1,Saigo no Nindou (Japan) (En),4,Saigo no Nindou (Japan) (En),0,,"nointro,retroachievements",
2489,Quarth,Official,75,1,local,1,"Quarth (USA, Europe)",4,"Quarth (USA, Europe)",0,,"nointro,retroachievements",
2491,~Hack~ Pokémon Regulation Red | Regulation Blue,Hack,252,4,local,4,,0,,0,,retroachievements,
2494,The Punisher: The Ultimate Payback,Official,20,1,local,1,"Punisher, The - The Ultimate Payback (USA)",4,"Punisher, The - The Ultimate Payback (USA)",0,,"nointro,retroachievements",
2495,Spanky's Quest,Official,30,3,local,3,"Spanky's Quest (USA),Lucky Monkey (Japan)",8,"Spanky's Quest (USA),Lucky Monkey (Japan)",0,,"nointro,retroachievements",
2498,Tiny Toon Adventures: Babs' Big Break,Official,32,2,local,2,"Tiny Toon Adventures (Japan),Tiny Toon Adventures - Babs' Big Break (USA, Europe)",8,"Tiny Toon Adventures (Japan),Tiny Toon Adventures - Babs' Big Break (USA, Europe)",0,,"nointro,retroachievements",
2548,Nail 'n Scale,Official,22,1,local,1,"Nail 'n Scale (USA, Europe)",4,"Nail 'n Scale (USA, Europe)",0,,"nointro,retroachievements",
2552,Chase H.Q.,Official,14,2,local,2,"Taito Chase H.Q. (Japan),Chase H.Q. (USA, Europe)",8,"Taito Chase H.Q. (Japan),Chase H.Q. (USA, Europe)",0,,"nointro,retroachievements",
2557,Solomon's Club,Official,66,2,local,2,"Solomon's Club (Europe),Solomon's Club (USA)",8,"Solomon's Club (Europe),Solomon's Club (USA)",0,,"nointro,retroachievements",
2558,Snoopy's Magic Show,Official,19,3,local,2,"Snoopy - Magic Show (Japan) (En),Snoopy's Magic Show (USA, Europe)",8,"Snoopy - Magic Show (Japan) (En),Snoopy's Magic Show (USA, Europe)",0,,"nointro,retroachievements",
2560,The Simpsons: Bart and the Beanstalk,Official,16,1,local,1,"Simpsons, The - Bart & the Beanstalk (USA, Europe)",4,"Simpsons, The - Bart & the Beanstalk (USA, Europe)",0,,"nointro,retroachievements",
2561,Ninja Gaiden Shadow,Official,36,4,local,3,"Shadow Warriors (Europe),Ninja Ryuuken Den - Matenrou Kessen (Japan),Ninja Gaiden Shadow (USA)",12,"Shadow Warriors (Europe),Ninja Ryuuken Den - Matenrou Kessen (Japan),Ninja Gaiden Shadow (USA)",0,,"nointro,retroachievements",
2562,Serpent,Official,21,2,local,2,"Kakomunja (Japan),Serpent (USA)",8,"Kakomunja (Japan),Serpent (USA)",0,,nointro,
2563,The Rugrats Movie,Official,22,1,local,1,"Rugrats Movie, The (USA) (SGB Enhanced)",4,"Rugrats Movie, The (USA) (SGB Enhanced)",0,,"nointro,retroachievements",
2564,Rolan's Curse,Official,15,1,local,1,Rolan's Curse (USA),4,Rolan's Curse (USA),0,,"nointro,retroachievements",
2566,Batman: Return of the Joker,Official,40,1,local,1,"Batman - Return of the Joker (USA, Europe)",4,"Batman - Return of the Joker (USA, Europe)",0,,"nointro,retroachievements",
2567,Batman: The Animated Series,Official,37,1,local,1,"Batman - The Animated Series (USA, Europe)",4,"Batman - The Animated Series (USA, Europe)",0,,"nointro,retroachievements",
2569,Barbie: Game Girl,Official,22,1,local,1,"Barbie - Game Girl (USA, Europe)",4,"Barbie - Game Girl (USA, Europe)",0,,"nointro,retroachievements",
2572,Alfred Chicken,Official,23,2,local,2,"Alfred Chicken (Europe),Alfred Chicken (USA)",8,"Alfred Chicken (Europe),Alfred Chicken (USA)",0,,"nointro,retroachievements",
2573,Mickey Mouse: Magic Wands!,Official,27,1,local,1,"Mickey Mouse - Magic Wands! (USA, Europe) (SGB Enhanced)",4,"Mickey Mouse - Magic Wands! (USA, Europe) (SGB Enhanced)",0,,"nointro,retroachievements",
2577,TaleSpin,Official,28,1,local,1,TaleSpin (USA),4,TaleSpin (USA),0,,"nointro,retroachievements",
3329,Speedy Gonzales,Official,67,1,local,1,"Speedy Gonzales (USA, Europe)",4,"Speedy Gonzales (USA, Europe)",0,,"nointro,retroachievements",
3575,Pipe Dream,Official,12,2,local,2,"Pipe Dream (USA),Pipe Dream (Japan) (En)",8,"Pipe Dream (USA),Pipe Dream (Japan) (En)",0,,"nointro,retroachievements",
3577,Pinocchio,Official,20,2,local,2,"Pinocchio (Europe),Pinocchio (USA)",8,"Pinocchio (Europe),Pinocchio (USA)",0,,"nointro,retroachievements",
3606,Felix the Cat,Official,27,1,local,1,"Felix the Cat (USA, Europe)",4,"Felix the Cat (USA, Europe)",0,,"nointro,retroachievements",
3609,Banishing Racer,Official,7,3,local,3,Banishing Racer (Japan),4,Banishing Racer (Japan),0,,"nointro,retroachievements",
3611,Hercules,Official,10,1,local,1,"Hercules (USA, Europe) (SGB Enhanced)",4,"Hercules (USA, Europe) (SGB Enhanced)",0,,nointro,
3615,Fist of the North Star: 10 Big Brawls for the King of the Universe,Official,25,2,local,2,"Fist of the North Star (USA),Hokuto no Ken - Seizetsu Juuban Shoubu (Japan)",8,"Fist of the North Star (USA),Hokuto no Ken - Seizetsu Juuban Shoubu (Japan)",0,,"nointro,retroachievements",
3617,Hammerin' Harry: Ghost Building Company,Official,10,2,local,2,"Hammerin' Harry (Europe),Daiku no Gen-san - Ghost Building Company (Japan)",8,"Hammerin' Harry (Europe),Daiku no Gen-san - Ghost Building Company (Japan)",0,,"nointro,retroachievements",
3619,Ghostbusters II,Official,26,2,local,2,"Ghostbusters II (USA, Europe),Ghostbusters II (Japan) (En)",8,"Ghostbusters II (USA, Europe),Ghostbusters II (Japan) (En)",0,,"nointro,retroachievements",
3622,The Adventures of Star Saver,Official,16,2,local,2,"Rubble Saver (Japan) (En),Adventures of Star Saver, The (USA, Europe)",8,"Rubble Saver (Japan) (En),Adventures of Star Saver, The (USA, Europe)",0,,"nointro,retroachievements",
3623,Aerostar,Official,18,3,local,3,"Aerostar (Japan) (En),Aerostar (USA, Europe)",8,"Aerostar (Japan) (En),Aerostar (USA, Europe)",0,,"nointro,retroachievements",
3624,Adventures of Lolo,Official,22,1,local,1,Adventures of Lolo (Europe) (SGB Enhanced),4,Adventures of Lolo (Europe) (SGB Enhanced),0,,"nointro,retroachievements",
3629,Noobow,Official,8,2,local,2,Noobow (Japan),4,Noobow (Japan),0,,"nointro,retroachievements",
3651,Mr. Nutz,Official,13,1,local,1,Mr. Nutz (Europe),4,Mr. Nutz (Europe),0,,"nointro,retroachievements",
3661,Astérix,Official,32,2,local,2,"Asterix (Europe) (En,Fr,De,Es,It)",4,"Asterix (Europe) (En,Fr,De,Es,It)",0,,"nointro,retroachievements",
3668,Same Game,Official,17,1,local,1,Same Game (Japan) (SGB Enhanced),4,Same Game (Japan) (SGB Enhanced),0,,"nointro,retroachievements",
3669,RoboCop 2,Official,28,2,local,2,"RoboCop 2 (USA, Europe),RoboCop 2 (Japan)",8,"RoboCop 2 (USA, Europe),RoboCop 2 (Japan)",0,,"nointro,retroachievements",
3678,Batman: The Video Game,Official,31,2,local,2,Batman - The Video Game (World),4,Batman - The Video Game (World),0,,"nointro,retroachievements",
3679,Beetlejuice,Official,33,1,local,1,Beetlejuice (USA),4,Beetlejuice (USA),0,,"nointro,retroachievements",
3680,Bill & Ted's Excellent Game Boy Adventure,Official,10,1,local,1,"Bill & Ted's Excellent Game Boy Adventure - A Bogus Journey! (USA, Europe)",4,"Bill & Ted's Excellent Game Boy Adventure - A Bogus Journey! (USA, Europe)",0,,"nointro,retroachievements",
3686,The Jetsons: Robot Panic,Official,28,1,local,1,"Jetsons, The - Robot Panic (USA, Europe)",4,"Jetsons, The - Robot Panic (USA, Europe)",0,,"nointro,retroachievements",
3687,Mickey's Dangerous Chase,Official,59,4,local,4,"Mickey's Dangerous Chase (USA),Mickey's Chase (Japan),Mickey's Dangerous Chase (Europe)",12,"Mickey's Dangerous Chase (USA),Mickey's Chase (Japan),Mickey's Dangerous Chase (Europe)",0,,"nointro,retroachievements",
3688,Pierre le Chef is... Out to Lunch,Official,44,1,local,1,Pierre le Chef is... Out to Lunch (Europe),4,Pierre le Chef is... Out to Lunch (Europe),0,,"nointro,retroachievements",
3694,Dragon Ball Z: Goku Hishouden,Official,34,2,local,1,Dragon Ball Z - Gokuu Hishouden (Japan) (SGB Enhanced),4,Dragon Ball Z - Gokuu Hishouden (Japan) (SGB Enhanced),0,,nointro,
3695,Casper,Official,10,2,local,2,"Casper (USA),Casper (Europe)",8,"Casper (USA),Casper (Europe)",0,,"nointro,retroachievements",
3696,Darkwing Duck,Official,25,2,local,2,"Darkwing Duck (Europe),Darkwing Duck (USA)",8,"Darkwing Duck (Europe),Darkwing Duck (USA)",0,,"nointro,retroachievements",
3704,Parodius Da!,Official,33,1,local,1,Parodius Da! (Japan),4,Parodius Da! (Japan),0,,"nointro,retroachievements",
3705,Paperboy,Official,49,1,local,1,"Paperboy (USA, Europe)",4,"Paperboy (USA, Europe)",0,,"nointro,retroachievements",
3821,~Homebrew~ Waifu Clicker,Homebrew,13,1,local,1,Waifu Clicker (World) (Aftermarket) (Unl),4,Waifu Clicker (World) (Aftermarket) (Unl),0,,"nointro,retroachievements",
4055,Mickey's Ultimate Challenge,Official,12,1,local,1,"Mickey's Ultimate Challenge (USA, Europe)",4,"Mickey's Ultimate Challenge (USA, Europe)",0,,"nointro,retroachievements",
4059,Lock n' Chase,Official,34,1,local,1,Lock n' Chase (World),4,Lock n' Chase (World),0,,"nointro,retroachievements",
4063,The Adventures of Rocky and Bullwinkle and Friends,Official,34,1,local,1,"Adventures of Rocky and Bullwinkle and Friends, The (USA)",4,"Adventures of Rocky and Bullwinkle and Friends, The (USA)",0,,"nointro,retroachievements",
4064,Block Kuzushi,Official,22,2,local,2,Block Kuzushi GB (Japan) (SGB Enhanced),4,Block Kuzushi GB (Japan) (SGB Enhanced),0,,"nointro,retroachievements",
4065,The Amazing Spider-Man,Official,51,1,local,1,"Amazing Spider-Man, The (USA, Europe)",4,"Amazing Spider-Man, The (USA, Europe)",0,,"nointro,retroachievements",
4067,Atomic Punk,Official,28,3,local,3,"Dynablaster (Europe),Atomic Punk (USA),Bomber Boy (Japan) (En)",12,"Dynablaster (Europe),Atomic Punk (USA),Bomber Boy (Japan) (En)",0,,"nointro,retroachievements",
4069,Avenging Spirit,Official,34,2,local,2,"Avenging Spirit (USA, Europe)",4,"Avenging Spirit (USA, Europe)",0,,"nointro,retroachievements",
4070,Bishoujo Senshi Sailor Moon,Official,22,3,local,3,Bishoujo Senshi Sailor Moon (Japan),4,Bishoujo Senshi Sailor Moon (Japan),0,,"nointro,retroachievements",
4088,Ayakashi no Shiro,Official,23,2,local,2,Ayakashi no Shiro (Japan),4,Ayakashi no Shiro (Japan),0,,"nointro,retroachievements",
4089,Baby T-Rex,Official,42,5,local,5,"Edd the Duck (Europe) (Proto),Baby T-Rex (Europe),We're Back! - A Dinosaur's Story (USA, Europe),Bamse (Sweden),Agro Soar (Australia)",20,"Edd the Duck (Europe) (Proto),Baby T-Rex (Europe),We're Back! - A Dinosaur's Story (USA, Europe),Bamse (Sweden),Agro Soar (Australia)",0,,"nointro,retroachievements",
4095,Beavis and Butt-Head,Official,9,1,local,1,"Beavis and Butt-head (USA, Europe)",4,"Beavis and Butt-head (USA, Europe)",0,,"nointro,retroachievements",
4111,Monster Max,Official,69,1,local,1,"Monster Max (Europe) (En,Fr,De,Es,It,Nl)",4,"Monster Max (Europe) (En,Fr,De,Es,It,Nl)",0,,"nointro,retroachievements",
4112,Spud's Adventure,Official,45,1,local,1,Spud's Adventure (USA),4,Spud's Adventure (USA),0,,"nointro,retroachievements",
4149,The Flintstones,Official,27,1,local,1,"Flintstones, The (USA, Europe)",4,"Flintstones, The (USA, Europe)",0,,"nointro,retroachievements",
4150,Garfield Labyrinth,Official,9,3,local,3,"Garfield Labyrinth (Europe),Mickey Mouse IV - Mahou no Labyrinth (Japan) (En),Real Ghostbusters, The (USA)",12,"Garfield Labyrinth (Europe),Mickey Mouse IV - Mahou no Labyrinth (Japan) (En),Real Ghostbusters, The (USA)",0,,"nointro,retroachievements",
4209,Heiankyo Alien,Official,55,1,local,1,Heiankyo Alien (USA),4,Heiankyo Alien (USA),0,,"nointro,retroachievements",
4210,High Stakes Gambling,Official,66,1,local,1,High Stakes Gambling (USA),4,High Stakes Gambling (USA),0,,"nointro,retroachievements",
4211,Miracle Adventure of Esparks: Ushinawareta Seiseki Perivron,Official,17,1,local,1,Miracle Adventure of Esparks - Ushinawareta Seiseki Perivron (Japan),4,Miracle Adventure of Esparks - Ushinawareta Seiseki Perivron (Japan),0,,"nointro,retroachievements",
4213,Zen: Intergalactic Ninja,Official,34,1,local,1,Zen - Intergalactic Ninja (USA),4,Zen - Intergalactic Ninja (USA),0,,"nointro,retroachievements",
4214,Out of Gas,Official,16,1,local,1,Out of Gas (USA),4,Out of Gas (USA),0,,"nointro,retroachievements",
4215,Fortified Zone,Official,25,2,local,2,"Fortified Zone (USA, Europe),Ikari no Yousai (Japan)",8,"Fortified Zone (USA, Europe),Ikari no Yousai (Japan)",0,,"nointro,retroachievements",
4384,Battleship,Official,20,1,local,1,"Battleship (USA, Europe)",4,"Battleship (USA, Europe)",0,,"nointro,retroachievements",
4404,Yoshi's Cookie,Official,38,1,local,1,"Yoshi's Cookie (USA, Europe)",4,"Yoshi's Cookie (USA, Europe)",0,,"nointro,retroachievements",
4486,Adventure Island II: Aliens in Paradise,Official,51,1,local,1,"Adventure Island II - Aliens in Paradise (USA, Europe)",4,"Adventure Island II - Aliens in Paradise (USA, Europe)",0,,"nointro,retroachievements",
4588,"Franky, Joe & Dirk: On the Tiles",Official,32,1,local,1,"Franky, Joe & Dirk - On the Tiles (Europe) (En,Fr,De,Es,It,Nl)",4,"Franky, Joe & Dirk - On the Tiles (Europe) (En,Fr,De,Es,It,Nl)",0,,"nointro,retroachievements",
4589,Pac-in-Time,Official,47,2,local,2,"Pac-In-Time (USA) (SGB Enhanced),Pac-In-Time (Europe) (SGB Enhanced)",8,"Pac-In-Time (USA) (SGB Enhanced),Pac-In-Time (Europe) (SGB Enhanced)",0,,"nointro,retroachievements",
4643,Battle Unit Zeoth,Official,28,1,local,1,"Battle Unit Zeoth (USA, Europe)",4,"Battle Unit Zeoth (USA, Europe)",0,,"nointro,retroachievements",
4648,Golf,Official,14,1,local,1,Golf (World),4,Golf (World),0,,"nointro,retroachievements",
4689,A-Mazing Tater,Official,45,1,local,1,A-mazing Tater (USA),4,A-mazing Tater (USA),0,,"nointro,retroachievements",
4697,Booby Boys,Official,47,2,local,2,Booby Boys (Japan),4,Booby Boys (Japan),0,,"nointro,retroachievements",
4714,Waterworld,Official,13,1,local,1,Waterworld (Europe),4,Waterworld (Europe),0,,"nointro,retroachievements",
4715,Wayne's World,Official,25,1,local,1,Wayne's World (USA),4,Wayne's World (USA),0,,"nointro,retroachievements",
4743,Snow Bros. Jr.,Official,20,1,local,1,Snow Brothers (USA),4,Snow Brothers (USA),0,,"nointro,retroachievements",
4745,Joe & Mac: Caveman Ninja,Official,22,2,local,2,"Joe & Mac - Caveman Ninja (Europe) (En,Fr,De,Es,It,Nl,Sv),Joe & Mac (USA)",8,"Joe & Mac - Caveman Ninja (Europe) (En,Fr,De,Es,It,Nl,Sv),Joe & Mac (USA)",0,,"nointro,retroachievements",
4747,Nemesis,Official,26,2,local,2,"Nemesis (USA),Nemesis (Europe)",8,"Nemesis (USA),Nemesis (Europe)",0,,"nointro,retroachievements",
4882,Wario Blast: Featuring Bomberman!,Official,10,2,local,2,"Wario Blast Featuring Bomberman! (USA, Europe) (SGB Enhanced),Bomberman GB (Japan) (SGB Enhanced)",8,"Wario Blast Featuring Bomberman! (USA, Europe) (SGB Enhanced),Bomberman GB (Japan) (SGB Enhanced)",0,,"nointro,retroachievements",
4890,Lucle,Official,22,1,local,1,"Lucle (Japan, Europe) (En)",4,"Lucle (Japan, Europe) (En)",0,,"nointro,retroachievements",
4917,Super R.C. Pro-Am,Official,14,1,local,1,"Super R.C. Pro-Am (USA, Europe)",4,"Super R.C. Pro-Am (USA, Europe)",0,,"nointro,retroachievements",
4931,The Addams Family: Pugsley's Scavenger Hunt,Official,24,1,local,1,"Addams Family, The - Pugsley's Scavenger Hunt (USA, Europe)",4,"Addams Family, The - Pugsley's Scavenger Hunt (USA, Europe)",0,,"nointro,retroachievements",
4934,The Addams Family,Official,16,1,local,1,"Addams Family, The (USA)",4,"Addams Family, The (USA)",0,,"nointro,retroachievements",
4937,~Prototype~ The Adventures of Pinocchio,Prototype,20,1,local,1,"Adventures of Pinocchio, The (Europe) (Proto)",4,"Adventures of Pinocchio, The (Europe) (Proto)",0,,"nointro,retroachievements",
4938,After Burst,Official,9,1,local,1,After Burst (Japan) (En),4,After Burst (Japan) (En),0,,"nointro,retroachievements",
4947,Alien 3,Official,13,1,local,1,"Alien 3 (USA, Europe)",4,"Alien 3 (USA, Europe)",0,,"nointro,retroachievements",
4962,Frogger,Official,26,1,local,1,Frogger (USA),4,Frogger (USA),0,,"nointro,retroachievements",
4963,Stop That Roach!,Official,20,1,local,1,Stop That Roach! (USA),4,Stop That Roach! (USA),0,,"nointro,retroachievements",
4967,QIX,Official,18,1,local,1,QIX (World),4,QIX (World),0,,"nointro,retroachievements",
4973,Tiny Toon Adventures 2: Montana's Movie Madness,Official,24,1,local,1,"Tiny Toon Adventures 2 - Montana's Movie Madness (USA, Europe)",4,"Tiny Toon Adventures 2 - Montana's Movie Madness (USA, Europe)",0,,"nointro,retroachievements",
4983,Oddworld Adventures,Official,13,1,local,1,"Oddworld Adventures (USA, Europe)",4,"Oddworld Adventures (USA, Europe)",0,,"nointro,retroachievements",
5010,Crayon Shin-chan 4: Ora no Itazura Daihenshin,Official,27,1,local,1,Crayon Shin-chan 4 - Ora no Itazura Daihenshin (Japan) (SGB Enhanced),4,Crayon Shin-chan 4 - Ora no Itazura Daihenshin (Japan) (SGB Enhanced),0,,"nointro,retroachievements",
5013,Castlevania II: Belmont's Revenge,Official,45,1,local,1,"Castlevania II - Belmont's Revenge (USA, Europe)",4,"Castlevania II - Belmont's Revenge (USA, Europe)",0,,"nointro,retroachievements",
5023,Mega Man III,Official,52,5,local,4,"Mega Man III (USA),Rockman World 3 (Japan),Mega Man III (Europe)",12,"Mega Man III (USA),Rockman World 3 (Japan),Mega Man III (Europe)",0,,"nointro,retroachievements",
5044,Skate or Die: Bad 'N Rad,Official,23,2,local,2,"Skate or Die - Bad 'N Rad (USA),Skate or Die - Bad 'N Rad (Europe)",8,"Skate or Die - Bad 'N Rad (USA),Skate or Die - Bad 'N Rad (Europe)",0,,"nointro,retroachievements",
5045,Kaeru no Tame ni Kane wa Naru,Official,79,3,local,3,Kaeru no Tame ni Kane wa Naru (Japan),4,Kaeru no Tame ni Kane wa Naru (Japan),0,,"nointro,retroachievements",
5075,Tetris Plus,Official,33,2,local,2,"Tetris Plus (USA, Europe) (SGB Enhanced),Tetris Plus (Japan) (SGB Enhanced)",8,"Tetris Plus (USA, Europe) (SGB Enhanced),Tetris Plus (Japan) (SGB Enhanced)",0,,"nointro,retroachievements",
5137,Castlevania Legends,Official,49,2,local,2,"Castlevania Legends (USA, Europe) (SGB Enhanced),Akumajou Dracula - Shikkoku Taru Zensoukyoku - Dark Night Prelude (Japan) (SGB Enhanced)",8,"Castlevania Legends (USA, Europe) (SGB Enhanced),Akumajou Dracula - Shikkoku Taru Zensoukyoku - Dark Night Prelude (Japan) (SGB Enhanced)",0,,"nointro,retroachievements",
5194,The Sword of Hope II,Official,36,1,local,1,"Sword of Hope II, The (USA)",4,"Sword of Hope II, The (USA)",0,,"nointro,retroachievements",
5203,Teenage Mutant Ninja Turtles III: Radical Rescue,Official,22,2,local,2,"Teenage Mutant Hero Turtles III - Radical Rescue (Europe),Teenage Mutant Ninja Turtles III - Radical Rescue (USA)",8,"Teenage Mutant Hero Turtles III - Radical Rescue (Europe),Teenage Mutant Ninja Turtles III - Radical Rescue (USA)",0,,"nointro,retroachievements",
5205,Bonk's Adventure,Official,36,1,local,1,Bonk's Adventure (USA),4,Bonk's Adventure (USA),0,,"nointro,retroachievements",
5212,Home Alone,Official,7,1,local,1,"Home Alone (USA, Europe)",4,"Home Alone (USA, Europe)",0,,"nointro,retroachievements",
5214,Pocket Monsters Midori [Subset - Monotype Challenge],Official,147,2,local,2,Pocket Monsters - Midori (Japan) (SGB Enhanced),4,Pocket Monsters - Midori (Japan) (SGB Enhanced),0,,"nointro,retroachievements",
5215,Meitantei Conan: Chika Yuuenchi Satsujin Jiken,Official,14,2,local,2,Meitantei Conan - Chika Yuuenchi Satsujin Jiken (Japan) (SGB Enhanced),4,Meitantei Conan - Chika Yuuenchi Satsujin Jiken (Japan) (SGB Enhanced),0,,"nointro,retroachievements",
5251,Power Racer,Official,22,1,local,1,Power Racer (Europe),4,Power Racer (Europe),0,,"nointro,retroachievements",
5252,Solar Striker,Official,22,1,local,1,SolarStriker (World),4,SolarStriker (World),0,,"nointro,retroachievements",
5253,F-1 Race,Official,25,1,local,1,F-1 Race (World) (Rev 1),4,F-1 Race (World) (Rev 1),0,,"nointro,retroachievements",
5257,Othello,Official,13,2,local,2,"Othello (Japan) (En),Othello (Europe)",8,"Othello (Japan) (En),Othello (Europe)",0,,"nointro,retroachievements",
5258,Godzilla,Official,29,1,local,1,"Godzilla (USA, Europe)",4,"Godzilla (USA, Europe)",0,,"nointro,retroachievements",
5293,Tennis,Official,9,1,local,1,Tennis (World),4,Tennis (World),0,,"nointro,retroachievements",
5351,Ikari no Yousai 2,Official,25,1,local,1,Ikari no Yousai 2 (Japan),4,Ikari no Yousai 2 (Japan),0,,"nointro,retroachievements",
5365,Game Boy Camera,Official,30,1,local,1,"Game Boy Camera (USA, Europe) (SGB Enhanced)",4,"Game Boy Camera (USA, Europe) (SGB Enhanced)",0,,"nointro,retroachievements",
5378,Jurassic Park,Official,17,2,local,2,"Jurassic Park (Europe) (En,Fr,De,Es,It),Jurassic Park (USA)",8,"Jurassic Park (Europe) (En,Fr,De,Es,It),Jurassic Park (USA)",0,,"nointro,retroachievements",
5389,Nettou Real Bout Garou Densetsu Special,Official,47,1,local,1,Nettou Real Bout Garou Densetsu Special (Japan) (SGB Enhanced),4,Nettou Real Bout Garou Densetsu Special (Japan) (SGB Enhanced),0,,"nointro,retroachievements",
5464,Wizardry Gaiden I: Joou no Junan,Official,32,1,local,1,Wizardry Gaiden I - Joou no Junan (Japan),4,Wizardry Gaiden I - Joou no Junan (Japan),0,,"nointro,retroachievements",
5465,Wizardry Gaiden II: Kodai Koutei no Noroi,Official,32,2,local,2,Wizardry Gaiden II - Kodai Koutei no Noroi (Japan),4,Wizardry Gaiden II - Kodai Koutei no Noroi (Japan),0,,"nointro,retroachievements",
5466,Wizardry Gaiden 3: Scripture of the Dark,Official,63,2,local,2,Wizardry Gaiden III - Yami no Seiten (Japan),4,Wizardry Gaiden III - Yami no Seiten (Japan),0,,"nointro,retroachievements",
5591,~Homebrew~ Dangan GB,Homebrew,20,2,local,2,"Dangan GB (World) (Aftermarket) (Unl),Dangan GB (World) (v1.1) (Aftermarket) (Unl)",8,"Dangan GB (World) (Aftermarket) (Unl),Dangan GB (World) (v1.1) (Aftermarket) (Unl)",0,,"nointro,retroachievements",
5601,DuckTales 2,Official,32,3,local,3,"DuckTales 2 (Europe),DuckTales 2 (Japan),DuckTales 2 (USA)",12,"DuckTales 2 (Europe),DuckTales 2 (Japan),DuckTales 2 (USA)",0,,"nointro,retroachievements",
5602,The Amazing Spider-Man 2,Official,15,1,local,1,"Spider-Man 2 (USA, Europe)",4,"Spider-Man 2 (USA, Europe)",0,,"nointro,retroachievements",
5603,Nintendo World Cup,Official,30,1,local,1,"Nintendo World Cup (USA, Europe)",4,"Nintendo World Cup (USA, Europe)",0,,"nointro,retroachievements",
5606,WWF Superstars,Official,20,2,local,2,"WWF Superstars (Japan),WWF Superstars (USA, Europe)",8,"WWF Superstars (Japan),WWF Superstars (USA, Europe)",0,,"nointro,retroachievements",
5732,Pocahontas,Official,31,1,local,1,"Pocahontas (USA, Europe) (SGB Enhanced)",4,"Pocahontas (USA, Europe) (SGB Enhanced)",0,,nointro,
5735,Hatris,Official,11,1,local,1,"Hatris (Japan, USA) (En)",4,"Hatris (Japan, USA) (En)",0,,"nointro,retroachievements",
5737,Great Greed,Official,25,1,local,1,Great Greed (USA),4,Great Greed (USA),0,,"nointro,retroachievements",
5738,Side Pocket VS,Official,10,1,local,1,Side Pocket (World),4,Side Pocket (World),0,,"nointro,retroachievements",
5741,Ninja Taro,Official,17,1,local,1,Ninja Taro (USA),4,Ninja Taro (USA),0,,"nointro,retroachievements",
5937,Pinball: Revenge of the 'Gator,Official,18,1,local,1,"Pinball - Revenge of the 'Gator (USA, Europe)",4,"Pinball - Revenge of the 'Gator (USA, Europe)",0,,"nointro,retroachievements",
5938,Pinball Dreams,Official,21,1,local,1,"Pinball Dreams (USA, Europe)",4,"Pinball Dreams (USA, Europe)",0,,"nointro,retroachievements",
5940,Shaq-Fu,Official,16,1,local,1,Shaq Fu (USA) (SGB Enhanced),4,Shaq Fu (USA) (SGB Enhanced),0,,"nointro,retroachievements",
5955,Bust-A-Move 3 DX,Official,81,1,local,1,Bust-A-Move 3 DX (Europe),4,Bust-A-Move 3 DX (Europe),0,,"nointro,retroachievements",
6051,Yu Yu Hakusho,Official,15,1,local,1,Yu Yu Hakusho (Japan),4,Yu Yu Hakusho (Japan),0,,"nointro,retroachievements",
6075,Operation C,Official,19,1,local,1,Operation C (USA),4,Operation C (USA),0,,"nointro,retroachievements",
6127,Bubble Ghost,Official,29,1,local,1,"Bubble Ghost (USA, Europe)",4,"Bubble Ghost (USA, Europe)",0,,"nointro,retroachievements",
6149,Aladdin,Official,34,2,local,2,"Aladdin (Europe) (SGB Enhanced),Aladdin (USA) (SGB Enhanced)",8,"Aladdin (Europe) (SGB Enhanced),Aladdin (USA) (SGB Enhanced)",0,,"nointro,retroachievements",
6200,Makaimura Gaiden: The Demon Darkness,Official,42,2,local,2,Makaimura Gaiden - The Demon Darkness (Japan),4,Makaimura Gaiden - The Demon Darkness (Japan),0,,"nointro,retroachievements",
6263,Tintin in Tibet,Official,38,1,local,1,"Tintin in Tibet (Europe) (En,Fr,De,Nl) (SGB Enhanced)",4,"Tintin in Tibet (Europe) (En,Fr,De,Nl) (SGB Enhanced)",0,,"nointro,retroachievements",
6298,Battle City,Official,24,1,local,1,BattleCity (Japan) (En),4,BattleCity (Japan) (En),0,,"nointro,retroachievements",
6299,Battle Arena Toshinden,Official,24,2,local,2,"Battle Arena Toshinden (Europe) (SGB Enhanced),Battle Arena Toshinden (USA) (SGB Enhanced)",8,"Battle Arena Toshinden (Europe) (SGB Enhanced),Battle Arena Toshinden (USA) (SGB Enhanced)",0,,"nointro,retroachievements",
6316,WWF King of the Ring,Official,24,2,local,2,"WWF King of the Ring (USA, Europe),WWF King of the Ring (Japan) (En)",8,"WWF King of the Ring (USA, Europe),WWF King of the Ring (Japan) (En)",0,,"nointro,retroachievements",
6319,Spot: The Cool Adventure,Official,27,1,local,1,Spot - The Cool Adventure (USA),4,Spot - The Cool Adventure (USA),0,,"nointro,retroachievements",
6357,Cave Noire,Official,55,2,local,2,Cave Noire (Japan),4,Cave Noire (Japan),0,,"nointro,retroachievements",
6410,Mr. Chin's Gourmet Paradise,Official,16,1,local,1,Mr. Chin's Gourmet Paradise (USA),4,Mr. Chin's Gourmet Paradise (USA),0,,"nointro,retroachievements",
6430,Amazing Penguin,Official,11,2,local,1,"Amazing Penguin (USA, Europe)",4,"Amazing Penguin (USA, Europe)",0,,"nointro,retroachievements",
6432,Battle Ping Pong,Official,19,1,local,1,Battle Pingpong (Japan) (En),4,Battle Pingpong (Japan) (En),0,,"nointro,retroachievements",
6433,The Battle of Olympus,Official,24,1,local,1,"Battle of Olympus, The (Europe) (En,Fr,De,Es,It)",4,"Battle of Olympus, The (Europe) (En,Fr,De,Es,It)",0,,"nointro,retroachievements",
6435,Bionic Commando,Official,49,1,local,1,Bionic Commando (USA),4,Bionic Commando (USA),0,,"nointro,retroachievements",
6438,~Homebrew~ Don't Call Me Mama But Yes I Am Your Mama,Homebrew,25,1,local,1,Don't Call Me Mama But Yes I Am Your Mama (World) (v2.0) (Aftermarket) (Unl),4,Don't Call Me Mama But Yes I Am Your Mama (World) (v2.0) (Aftermarket) (Unl),0,,"nointro,retroachievements",
6440,Bomberman GB 3,Official,48,2,local,2,Bomberman GB 3 (Japan) (SGB Enhanced),4,Bomberman GB 3 (Japan) (SGB Enhanced),0,,"nointro,retroachievements",
6442,Boxxle,Official,48,1,local,1,"Boxxle (USA, Europe) (Rev 1)",4,"Boxxle (USA, Europe) (Rev 1)",0,,"nointro,retroachievements",
6443,Boxxle II,Official,51,1,local,1,"Boxxle II (USA, Europe)",4,"Boxxle II (USA, Europe)",0,,"nointro,retroachievements",
6445,Burai Fighter Deluxe,Official,39,1,local,1,"Burai Fighter Deluxe (USA, Europe)",4,"Burai Fighter Deluxe (USA, Europe)",0,,"nointro,retroachievements",
6446,BurgerTime: Deluxe,Official,62,1,local,1,BurgerTime Deluxe (World),4,BurgerTime Deluxe (World),0,,"nointro,retroachievements",
6447,Buster Bros.,Official,23,1,local,1,Buster Bros. (USA),4,Buster Bros. (USA),0,,"nointro,retroachievements",
6454,Cyraid,Official,21,1,local,1,Cyraid (USA),4,Cyraid (USA),0,,"nointro,retroachievements",
6460,Dr. Franken,Official,42,1,local,1,Dr. Franken (USA),4,Dr. Franken (USA),0,,"nointro,retroachievements",
6462,Elevator Action,Official,16,1,local,1,"Elevator Action (USA, Europe)",4,"Elevator Action (USA, Europe)",0,,"nointro,retroachievements",
6467,The Flintstones: King Rock Treasure Island,Official,30,1,local,1,"Flintstones, The - King Rock Treasure Island (USA, Europe)",4,"Flintstones, The - King Rock Treasure Island (USA, Europe)",0,,"nointro,retroachievements",
6473,James Bond 007,Official,30,1,local,1,"James Bond 007 (USA, Europe) (SGB Enhanced)",4,"James Bond 007 (USA, Europe) (SGB Enhanced)",0,,"nointro,retroachievements",
6479,~Homebrew~ Sam Mallard: The Case of the Missing Swan,Homebrew,7,1,local,1,Sam Mallard - The Case of the Missing Swan (World) (SGB Enhanced) (Aftermarket) (Unl),4,Sam Mallard - The Case of the Missing Swan (World) (SGB Enhanced) (Aftermarket) (Unl),0,,"nointro,retroachievements",
6481,Kung-Fu Master,Official,20,1,local,1,"Kung-Fu Master (USA, Europe)",4,"Kung-Fu Master (USA, Europe)",0,,"nointro,retroachievements",
6484,The Little Mermaid,Official,33,2,local,2,"Little Mermaid, The (Europe),Little Mermaid, The (USA)",8,"Little Mermaid, The (Europe),Little Mermaid, The (USA)",0,,"nointro,retroachievements",
6485,Malibu Beach Volleyball,Official,11,1,local,1,Malibu Beach Volleyball (USA),4,Malibu Beach Volleyball (USA),0,,"nointro,retroachievements",
6486,Mystical Ninja Starring Goemon,Official,52,1,local,1,Mystical Ninja Starring Goemon (USA) (SGB Enhanced),4,Mystical Ninja Starring Goemon (USA) (SGB Enhanced),0,,"nointro,retroachievements",
6489,Nekketsu! Beach Volley Dayo Kunio-kun,Official,24,1,local,1,Nekketsu! Beach Volley Da yo Kunio-kun (Japan) (SGB Enhanced),4,Nekketsu! Beach Volley Da yo Kunio-kun (Japan) (SGB Enhanced),0,,"nointro,retroachievements",
6500,Sneaky Snakes,Official,31,1,local,1,"Sneaky Snakes (USA, Europe)",4,"Sneaky Snakes (USA, Europe)",0,,"nointro,retroachievements",
6504,Super Scrabble,Official,17,1,local,1,Super Scrabble (USA),4,Super Scrabble (USA),0,,"nointro,retroachievements",
6505,Tail 'Gator,Official,20,1,local,1,"Tail 'Gator (USA, Europe)",4,"Tail 'Gator (USA, Europe)",0,,"nointro,retroachievements",
6512,Track & Field,Official,30,1,local,1,"Track & Field (USA, Europe)",4,"Track & Field (USA, Europe)",0,,"nointro,retroachievements",
6514,Trax,Official,36,1,local,1,"Trax (USA, Europe)",4,"Trax (USA, Europe)",0,,"nointro,retroachievements",
6518,Who Framed Roger Rabbit,Official,12,3,local,3,"Who Framed Roger Rabbit (Spain),Who Framed Roger Rabbit (Europe),Who Framed Roger Rabbit (USA)",12,"Who Framed Roger Rabbit (Spain),Who Framed Roger Rabbit (Europe),Who Framed Roger Rabbit (USA)",0,,"nointro,retroachievements",
6520,World Bowling,Official,15,1,local,1,World Bowling (USA),4,World Bowling (USA),0,,nointro,
6593,Yakuman,Official,13,3,local,3,"Yakuman (Japan),Yakuman (Japan) (Rev 1)",8,"Yakuman (Japan),Yakuman (Japan) (Rev 1)",0,,"nointro,retroachievements",
6621,Picross 2,Official,50,3,local,3,Picross 2 (Japan) (SGB Enhanced),4,Picross 2 (Japan) (SGB Enhanced),0,,"nointro,retroachievements",
6630,Cool Ball,Official,10,1,local,1,Cool Ball (USA),4,Cool Ball (USA),0,,"nointro,retroachievements",
6631,~Homebrew~ The Bouncing Ball,Homebrew,18,1,local,1,"Bouncing Ball, The (World) (Aftermarket) (Unl)",4,"Bouncing Ball, The (World) (Aftermarket) (Unl)",0,,"nointro,retroachievements",
6640,Flipull,Official,14,1,local,1,Flipull (USA),4,Flipull (USA),0,,"nointro,retroachievements",
6669,Volleyfire,Official,34,1,local,1,Volley Fire (Japan),4,Volley Fire (Japan),0,,"nointro,retroachievements",
6684,~Hack~ Pokémon STRIKE! Yellow Version,Hack,20,1,local,1,,0,,0,,retroachievements,
6690,~Hack~ Pokémon Blue Kaizo,Hack,38,1,local,1,,0,,0,,retroachievements,
6695,Undercover Cops Gaiden: Hakaishin Garumaa,Official,26,1,local,1,Undercover Cops Gaiden - Hakaishin Garumaa (Japan),4,Undercover Cops Gaiden - Hakaishin Garumaa (Japan),0,,"nointro,retroachievements",
6706,Shanghai,Official,9,1,local,1,Shanghai (USA),4,Shanghai (USA),0,,"nointro,retroachievements",
6712,Mighty Morphin Power Rangers,Official,35,1,local,1,"Mighty Morphin Power Rangers (USA, Europe) (SGB Enhanced)",4,"Mighty Morphin Power Rangers (USA, Europe) (SGB Enhanced)",0,,"nointro,retroachievements",
6713,~Homebrew~ Disco Elysium: Game Boy Edition,Homebrew,18,1,local,1,,0,,0,,retroachievements,
6856,Pachinko Time,Official,17,1,local,1,Pachinko Time (Japan),4,Pachinko Time (Japan),0,,"nointro,retroachievements",
6906,Daedalian Opus,Official,36,1,local,1,Daedalian Opus (USA),4,Daedalian Opus (USA),0,,"nointro,retroachievements",
6912,Solitaire FunPak,Official,13,1,local,1,"Solitaire FunPak (USA, Europe)",4,"Solitaire FunPak (USA, Europe)",0,,"nointro,retroachievements",
6955,"Pokémon Yellow Version: Special Pikachu Edition [Subset - ""Shiny"" Pokémon]",Official,51,1,local,1,,0,,0,,retroachievements,
6983,Wizards & Warriors X: The Fortress of Fear,Official,22,1,local,1,"Wizards & Warriors X - The Fortress of Fear (USA, Europe)",4,"Wizards & Warriors X - The Fortress of Fear (USA, Europe)",0,,"nointro,retroachievements",
7007,Hero Shuugou!! Pinball Party,Official,31,1,local,1,Hero Shuugou!! Pinball Party (Japan),4,Hero Shuugou!! Pinball Party (Japan),0,,"nointro,retroachievements",
7008,Kininkou Maroku Oni,Official,60,2,local,2,Kinin Koumaroku Oni (Japan),4,Kinin Koumaroku Oni (Japan),0,,"nointro,retroachievements",
7009,R-Type,Official,17,1,local,1,"R-Type (USA, Europe)",4,"R-Type (USA, Europe)",0,,"nointro,retroachievements",
7040,Tetris Blast,Official,23,1,local,1,"Tetris Blast (USA, Europe) (SGB Enhanced)",4,"Tetris Blast (USA, Europe) (SGB Enhanced)",0,,"nointro,retroachievements",
7049,Puyo Puyo,Official,20,1,local,1,Puyo Puyo (Japan) (SGB Enhanced),4,Puyo Puyo (Japan) (SGB Enhanced),0,,"nointro,retroachievements",
7080,Nettou The King of Fighters '96,Official,32,2,local,2,Nettou The King of Fighters '96 (Japan) (SGB Enhanced),4,Nettou The King of Fighters '96 (Japan) (SGB Enhanced),0,,"nointro,retroachievements",
7119,Micro Machines,Official,43,1,local,1,"Micro Machines (USA, Europe)",4,"Micro Machines (USA, Europe)",0,,"nointro,retroachievements",
7224,~Homebrew~ There's Nothing to Do in This Town,Homebrew,6,1,local,1,There's Nothing to Do in This Town (World) (Aftermarket) (Unl),4,There's Nothing to Do in This Town (World) (Aftermarket) (Unl),0,,"nointro,retroachievements",
7256,~Homebrew~ Deep Dungeon,Homebrew,15,1,local,1,,0,,0,,retroachievements,
7262,Super Robot Taisen,Official,56,2,local,2,Super Robot Taisen (Japan),4,Super Robot Taisen (Japan),0,,"nointro,retroachievements",
7317,~Hack~ Pokémon Brown Version,Hack,40,1,local,1,,0,,0,,retroachievements,
7334,Card Game,Official,13,1,local,1,Card Game (Japan) (En),4,Card Game (Japan) (En),0,,"nointro,retroachievements",
7395,~Homebrew~ Impossible Game(boy),Homebrew,6,1,local,1,Impossible Gameboy (World) (Aftermarket) (Unl),4,Impossible Gameboy (World) (Aftermarket) (Unl),0,,"nointro,retroachievements",
7405,~Unlicensed~ King James Bible,Unlicensed,10,1,local,1,King James Bible (USA) (Unl),4,King James Bible (USA) (Unl),0,,"nointro,retroachievements",
7409,Home Alone 2: Lost in New York,Official,25,1,local,1,"Home Alone 2 - Lost in New York (USA, Europe)",4,"Home Alone 2 - Lost in New York (USA, Europe)",0,,"nointro,retroachievements",
7411,~Hack~ The 2nd Super Super Mario Land,Hack,14,1,local,1,,0,,0,,retroachievements,
7412,~Homebrew~ Flappy Boy,Homebrew,8,1,local,1,,0,,0,,retroachievements,
7417,~Homebrew~ Neighbor,Homebrew,24,1,local,1,,0,,0,,retroachievements,
7419,~Homebrew~ Bitterroot,Homebrew,6,2,local,2,,0,,0,,retroachievements,
7421,Amida,Official,21,1,local,1,Amida (Japan) (En),4,Amida (Japan) (En),0,,"nointro,retroachievements",
7446,Game Boy Gallery,Official,25,1,local,1,"Game Boy Gallery - 5 Games in 1 (Europe, Australia) (SGB Enhanced)",4,"Game Boy Gallery - 5 Games in 1 (Europe) (SGB Enhanced),Game Boy Gallery - 5 Games in 1 (Europe, Australia) (SGB Enhanced)",0,,"nointro,retroachievements",
7448,Ultima: Runes of Virtue,Official,28,1,local,1,Ultima - Runes of Virtue (USA),4,Ultima - Runes of Virtue (USA),0,,"nointro,retroachievements",
7456,The Little Mermaid [Subset - Bonus],Official,15,1,local,1,,0,,0,,retroachievements,
7590,~Hack~ Pokémon Grape Version,Hack,84,1,local,1,,0,,0,,retroachievements,
7596,Super Mario Land [Subset - Bonus],Official,33,2,local,2,,0,,0,,retroachievements,
7598,Bonk's Revenge,Official,27,1,local,1,Bonk's Revenge (USA) (SGB Enhanced),4,Bonk's Revenge (USA) (SGB Enhanced),0,,"nointro,retroachievements",
7631,Palamedes,Official,15,1,local,1,Palamedes (Europe),4,Palamedes (Europe),0,,"nointro,retroachievements",
7671,Parasol Henbee,Official,16,1,local,1,Parasol Henbee (Japan),4,Parasol Henbee (Japan),0,,"nointro,retroachievements",
7720,Chikyuu Kaihou Gun ZAS,Official,16,1,local,1,Chikyuu Kaihou Gun ZAS (Japan) (En),4,Chikyuu Kaihou Gun ZAS (Japan) (En),0,,"nointro,retroachievements",
7796,Gradius: The Interstellar Assault,Official,24,1,local,1,Gradius - The Interstellar Assault (USA),4,Gradius - The Interstellar Assault (USA),0,,"nointro,retroachievements",
7808,Animal Breeder,Official,16,1,unmatched,0,,0,,0,,,
7826,Maui Mallard in Cold Shadow,Official,25,1,local,1,Maui Mallard in Cold Shadow (USA),4,Maui Mallard in Cold Shadow (USA),0,,"nointro,retroachievements",
7838,Toy Story,Official,21,1,local,1,Toy Story (USA) (Rev 1) (SGB Enhanced),4,Toy Story (USA) (Rev 1) (SGB Enhanced),0,,"nointro,retroachievements",
7887,~Homebrew~ Snake,Homebrew,10,1,local,1,,0,,0,,retroachievements,
7979,Minesweeper: Soukaitei,Official,44,1,local,1,Minesweeper - Soukaitei (Japan) (En),4,Minesweeper - Soukaitei (Japan) (En),0,,"nointro,retroachievements",
7993,The Tower of Druaga,Official,132,1,local,1,Druaga no Tou (Japan) (En),4,Druaga no Tou (Japan) (En),0,,"nointro,retroachievements",
8056,Crayon Shin-chan: Ora to Shiro wa Otomodachi da yo,Official,15,1,local,1,Crayon Shin-chan - Ora to Shiro wa Otomodachi Da yo (Japan),4,Crayon Shin-chan - Ora to Shiro wa Otomodachi Da yo (Japan),0,,"nointro,retroachievements",
8220,Little Master: Raikuban no Densetsu,Official,52,2,local,2,Little Master - Raikuban no Densetsu (Japan),4,Little Master - Raikuban no Densetsu (Japan),0,,"nointro,retroachievements",
8319,Doraemon Kart,Official,28,1,local,1,Doraemon Kart (Japan) (SGB Enhanced),4,Doraemon Kart (Japan) (SGB Enhanced),0,,nointro,
8327,Star Wars,Official,17,1,local,1,Star Wars (USA),4,Star Wars (USA),0,,nointro,
8361,Jurassic Park 2: The Chaos Continues,Official,28,1,local,1,"Jurassic Park Part 2 - The Chaos Continues (USA, Europe) (En,Fr,De,It)",4,"Jurassic Park Part 2 - The Chaos Continues (USA, Europe) (En,Fr,De,It)",0,,"nointro,retroachievements",
8468,Ms. Pac-Man,Official,27,2,local,2,"Ms. Pac-Man (Europe),Ms. Pac-Man (USA)",8,"Ms. Pac-Man (Europe),Ms. Pac-Man (USA)",0,,"nointro,retroachievements",
8739,Primal Rage,Official,21,1,local,1,"Primal Rage (USA, Europe)",4,"Primal Rage (USA, Europe)",0,,"nointro,retroachievements",
8829,Black Bass: Lure Fishing,Official,25,1,local,1,Black Bass - Lure Fishing (USA),4,Black Bass - Lure Fishing (USA),0,,"nointro,retroachievements",
8885,Nettou Garou Densetsu 2: Aratanaru Tatakai,Official,15,1,local,1,Nettou Garou Densetsu 2 - Aratanaru Tatakai (Japan) (SGB Enhanced),4,Nettou Garou Densetsu 2 - Aratanaru Tatakai (Japan) (SGB Enhanced),0,,"nointro,retroachievements",
8887,~Hack~ Pokémon Unova Red,Hack,45,1,local,1,,0,,0,,retroachievements,
9026,~Prototype~ Diablo,Prototype,7,1,local,1,Diablo (USA) (Proto),4,Diablo (USA) (Proto),0,,"nointro,retroachievements",
9467,~Homebrew~ ~Prototype~ GB Corp.,Homebrew/Prototype,16,1,local,1,,0,,0,,retroachievements,
9676,Faceball 2000,Official,17,2,local,2,Faceball 2000 (USA),4,Faceball 2000 (USA),0,,"nointro,retroachievements",
9681,The Lion King,Official,30,1,local,1,"Lion King, The (Europe)",4,"Lion King, The (Europe)",0,,"nointro,retroachievements",
9764,~Homebrew~ Super Impostor Bros.,Homebrew,22,1,local,1,,0,,0,,retroachievements,
9765,~Homebrew~ Mona and the Witch's Hat,Homebrew,7,2,local,2,Mona and the Witch's Hat (World) (Aftermarket) (Unl),4,Mona and the Witch's Hat (World) (Aftermarket) (Unl),0,,"nointro,retroachievements",
9822,~Homebrew~ ~Demo~ Glory Hunters: Chapter 1,Homebrew/Demo,43,1,local,1,,0,,1,Glory Hunters - Chapter 1 (World) (v0.2) (Demo) (Aftermarket) (Unl),"nointro,retroachievements",
10204,Wave Race,Official,32,1,local,1,"Wave Race (USA, Europe)",4,"Wave Race (USA, Europe)",0,,"nointro,retroachievements",
10666,The Blues Brothers,Official,23,1,local,1,"Blues Brothers, The (USA, Europe)",4,"Blues Brothers, The (USA, Europe)",0,,"nointro,retroachievements",
10950,3-pun Yosou: Umaban Club,Official,6,1,local,1,3-pun Yosou - Umaban Club (Japan),4,3-pun Yosou - Umaban Club (Japan),0,,nointro,
11008,Battle of Kingdom,Official,16,2,local,2,Battle of Kingdom (Japan),4,Battle of Kingdom (Japan),0,,"nointro,retroachievements",
11188,Monopoly,Official,35,1,local,1,Monopoly (USA),4,Monopoly (USA),0,,"nointro,retroachievements",
11192,~Homebrew~ Sheep It Up!,Homebrew,9,1,local,1,Sheep It Up (World) (Digital) (Aftermarket) (Unl),4,Sheep It Up (World) (Digital) (Aftermarket) (Unl),0,,"nointro,retroachievements",
11204,Milon's Secret Castle,Official,50,1,local,1,"Milon's Secret Castle (USA, Europe)",4,"Milon's Secret Castle (USA, Europe)",0,,"nointro,retroachievements",
11632,Pokémon Red Version | Pokémon Blue Version [Subset - Glitch Showcase],Official,8,4,local,4,,0,,0,,retroachievements,
11837,Robin Hood: Prince of Thieves,Official,23,5,local,5,"Robin Hood - Prince of Thieves (Europe),Robin Hood - Prince of Thieves (Germany),Robin Hood - Prince of Thieves (USA),Robin Hood - Prince of Thieves (France),Robin Hood - Prince of Thieves (Spain)",20,"Robin Hood - Prince of Thieves (Europe),Robin Hood - Prince of Thieves (Germany),Robin Hood - Prince of Thieves (USA),Robin Hood - Prince of Thieves (France),Robin Hood - Prince of Thieves (Spain)",0,,"nointro,retroachievements",
12300,~Homebrew~ Adulting!,Homebrew,19,1,local,1,Adulting! (World) (v2.0) (Aftermarket) (Unl),4,Adulting! (World) (v2.0) (Aftermarket) (Unl),0,,"nointro,retroachievements",
12745,~Demo~ Pocket Monsters Kin | Pocket Monsters Gin,Demo,18,4,local,4,,0,,0,,retroachievements,
12780,The Ren & Stimpy Show: Space Cadet Adventures,Official,17,1,local,1,"Ren & Stimpy Show, The - Space Cadet Adventures (USA)",4,"Ren & Stimpy Show, The - Space Cadet Adventures (USA)",0,,"nointro,retroachievements",
12799,~Hack~ Pokémon Velvet: Special Hatenna Edition,Hack,76,1,local,1,,0,,0,,retroachievements,
12837,~Homebrew~ Retroid,Homebrew,26,1,local,1,Retroid (World) (Aftermarket) (Unl),4,Retroid (World) (Aftermarket) (Unl),0,,"nointro,retroachievements",
12975,~Hack~ Super Mario Land: Pier Edition,Hack,27,1,local,1,,0,,0,,retroachievements,
13055,V-Rally: Championship Edition,Official,28,1,local,1,"V-Rally - Championship Edition (Europe) (En,Fr,De)",4,"V-Rally - Championship Edition (Europe) (En,Fr,De)",0,,"nointro,retroachievements",
13080,~Homebrew~ Gunman Clive,Homebrew,6,1,local,1,Gunman Clive (World) (Demo) (Aftermarket) (Unl),4,Gunman Clive (World) (Demo) (Aftermarket) (Unl),0,,"nointro,retroachievements",
13124,Pac-Attack,Official,22,3,local,3,"Pac-Attack (USA) (SGB Enhanced),Pac-Panic (Europe) (SGB Enhanced),Pac-Panic (Japan) (En) (SGB Enhanced)",12,"Pac-Attack (USA) (SGB Enhanced),Pac-Panic (Europe) (SGB Enhanced),Pac-Panic (Japan) (En) (SGB Enhanced)",0,,"nointro,retroachievements",
13125,Battle Crusher,Official,17,1,local,1,Battle Crusher (Japan) (SGB Enhanced),4,Battle Crusher (Japan) (SGB Enhanced),0,,"nointro,retroachievements",
13205,NBA Jam: Tournament Edition,Official,39,1,local,1,"NBA Jam - Tournament Edition (USA, Europe)",4,"NBA Jam - Tournament Edition (USA, Europe)",0,,"nointro,retroachievements",
13410,~Homebrew~ Dino's Offline Adventure,Homebrew,8,1,local,1,Dino's Offline Adventure (World) (Aftermarket) (Unl),4,Dino's Offline Adventure (World) (Aftermarket) (Unl),0,,"nointro,retroachievements",
13411,~Homebrew~ Tobu Tobu Girl,Homebrew,15,1,local,1,Tobu Tobu Girl (World) (Aftermarket) (Unl),4,Tobu Tobu Girl (World) (Aftermarket) (Unl),0,,"nointro,retroachievements",
13578,~Homebrew~ Desert Bus,Homebrew,6,1,local,1,,0,,0,,retroachievements,
13955,Turok: Battle of the Bionosaurs,Official,41,1,local,1,"Turok - Battle of the Bionosaurs (USA, Europe) (En,Fr,De,Es)",4,"Turok - Battle of the Bionosaurs (USA, Europe) (En,Fr,De,Es)",0,,nointro,
14164,Battletoads and Double Dragon: The Ultimate Team,Official,21,1,local,1,Battletoads-Double Dragon (USA),4,Battletoads-Double Dragon (USA),0,,"nointro,retroachievements",
14178,~Hack~ Super Mario Land 2012,Hack,20,1,local,1,,0,,0,,retroachievements,
14179,~Hack~ Super Mario Land X,Hack,30,2,local,2,,0,,0,,retroachievements,
14223,~Hack~ Super Super Mario Land,Hack,24,1,local,1,,0,,0,,retroachievements,
14338,Pingu: Sekai de Ichiban Genki na Penguin,Official,31,1,local,1,Pingu - Sekai de 1ban Genki na Penguin (Japan),4,Pingu - Sekai de 1ban Genki na Penguin (Japan),0,,"nointro,retroachievements",
14354,Lazlos' Leap,Official,41,1,local,1,Lazlos' Leap (USA),4,Lazlos' Leap (USA),0,,"nointro,retroachievements",
14747,~Homebrew~ The Warp Coin Catastrophe,Homebrew,6,3,local,3,,0,,0,,retroachievements,
15147,~Homebrew~ Final Fantasy XI Adventure,Homebrew,36,1,local,1,Final Fantasy XI Adventure (World) (Aftermarket) (Unl),4,Final Fantasy XI Adventure (World) (Aftermarket) (Unl),0,,"nointro,retroachievements",
15689,Pocket Monsters Ao [Subset - Speedrun],Official,27,1,local,1,,0,,0,,retroachievements,
16080,Medarot: Kabuto Version,Official,101,10,local,10,Medarot - Kabuto Version (Japan) (Rev 1) (SGB Enhanced),4,Medarot - Kabuto Version (Japan) (Rev 1) (SGB Enhanced),0,,"nointro,retroachievements",
16081,Medarot: Kuwagata Version,Official,101,9,local,9,Medarot - Kuwagata Version (Japan) (Rev 1) (SGB Enhanced),4,Medarot - Kuwagata Version (Japan) (Rev 1) (SGB Enhanced),0,,"nointro,retroachievements",
16084,Pokémon Red Version [Subset - Professor Oak Challenge],Official,133,1,local,1,,0,,0,,retroachievements,
16189,~Hack~ Mario's Picross X,Hack,89,1,local,1,,0,,0,,retroachievements,
16278,~Homebrew~ DMG Deals Damage,Homebrew,10,1,local,1,DMG Deals Damage (World) (Aftermarket) (Unl),4,DMG Deals Damage (World) (Aftermarket) (Unl),0,,"nointro,retroachievements",
16366,~Homebrew~ Deadeus,Homebrew,19,1,local,1,Deadeus (World) (v1.3.8) (Aftermarket) (Unl),4,Deadeus (World) (v1.3.8) (Aftermarket) (Unl),0,,"nointro,retroachievements",
16520,~Hack~ Super Mario 4,Hack,15,1,local,1,Super Mario 4 (Unknown) (Ja) (Pirate),4,Super Mario 4 (Unknown) (Ja) (Pirate),0,,"nointro,retroachievements",
16548,~Hack~ Pokémon Little Cup Red,Hack,21,1,local,1,,0,,0,,retroachievements,
17034,~Homebrew~ The Binding of Isaac: Game Boy Edition,Homebrew,6,1,local,1,"Binding of Isaac, The - Game Boy Edition (World) (Aftermarket) (Unl)",4,"Binding of Isaac, The - Game Boy Edition (World) (Aftermarket) (Unl)",0,,"nointro,retroachievements",
17053,~Homebrew~ Deep Forest,Homebrew,6,1,local,1,Deep Forest (World) (v1.1) (Aftermarket) (Unl),4,Deep Forest (World) (v1.1) (Aftermarket) (Unl),0,,"nointro,retroachievements",
17332,Rolan's Curse II,Official,16,1,local,1,Rolan's Curse II (USA),4,Rolan's Curse II (USA),0,,"nointro,retroachievements",
17397,God Medicine: Fukkokuban,Official,28,1,local,1,,0,,0,,retroachievements,
17399,~Hack~ Twitch Plays Pokémon: Anniversary Red,Hack,47,2,local,2,,0,,0,,retroachievements,
17412,~Homebrew~ Black Castle,Homebrew,9,1,local,1,Black Castle (World) (Aftermarket) (Unl),4,Black Castle (World) (Aftermarket) (Unl),0,,"nointro,retroachievements",
17436,Ultraman Ball,Official,30,2,local,2,Ultraman Ball (Japan) (SGB Enhanced),4,Ultraman Ball (Japan) (SGB Enhanced),0,,"nointro,retroachievements",
17742,Fish Dude,Official,21,1,local,1,Fish Dude (USA),4,Fish Dude (USA),0,,"nointro,retroachievements",
17846,~Hack~ Samus Goes to the Fridge to Get a Glass of Milk II,Hack,12,1,local,1,,0,,0,,retroachievements,
18326,Mini-Putt,Official,43,3,local,3,"Mini-Putt (Japan) (En),Mini Putt (Europe) (Proto),Mini Putt (USA) (Proto)",12,"Mini-Putt (Japan) (En),Mini Putt (Europe) (Proto),Mini Putt (USA) (Proto)",0,,"nointro,retroachievements",
18444,~Hack~ Pokémon Yellow Legacy,Hack,53,1,local,1,,0,,0,,retroachievements,
18480,~Homebrew~ Fix My Heart,Homebrew,8,1,local,1,,0,,0,,retroachievements,
18511,~Homebrew~ GameBoy WORDLE,Homebrew,6,1,local,1,GameBoy WORDLE (World) (Aftermarket) (Unl),4,GameBoy WORDLE (World) (Aftermarket) (Unl),0,,"nointro,retroachievements",
18577,Ultima: Runes of Virtue II,Official,55,1,local,1,Ultima - Runes of Virtue II (USA),4,Ultima - Runes of Virtue II (USA),0,,"nointro,retroachievements",
18660,~Hack~ Pokémon: Battle Factory,Hack,17,1,local,1,,0,,0,,retroachievements,
18756,Versus Hero: Kakutou Ou e no Michi,Official,16,1,local,1,Versus Hero - Kakutou Ou e no Michi (Japan),4,Versus Hero - Kakutou Ou e no Michi (Japan),0,,"nointro,retroachievements",
18793,Momotarou Dengeki,Official,73,2,local,2,Momotarou Dengeki (Japan),4,Momotarou Dengeki (Japan),0,,"nointro,retroachievements",
18806,~Homebrew~ Sushi Gun,Homebrew,7,1,local,1,Sushi Gun (World) (Aftermarket) (Unl),4,Sushi Gun (World) (Aftermarket) (Unl),0,,"nointro,retroachievements",
18810,~Homebrew~ Shock Lobster,Homebrew,22,2,local,2,"Shock Lobster (World) (v1.3) (Aftermarket) (Unl),Shock Lobster (World) (Aftermarket) (Unl)",8,"Shock Lobster (World) (v1.3) (Aftermarket) (Unl),Shock Lobster (World) (Aftermarket) (Unl)",0,,"nointro,retroachievements",
18825,~Homebrew~ Do I Pass?,Homebrew,6,2,local,2,"Do I Pass (World) (En) (v1.5) (Aftermarket) (Unl),Do I Pass (World) (Fr) (v1.4.2) (Aftermarket) (Unl)",8,"Do I Pass (World) (En) (v1.5) (Aftermarket) (Unl),Do I Pass (World) (Fr) (v1.4.2) (Aftermarket) (Unl)",0,,"nointro,retroachievements",
18826,~Homebrew~ An Autumn With You,Homebrew,13,1,local,1,,0,,0,,retroachievements,
18987,~Homebrew~ ~Demo~ Persona 4,Homebrew/Demo,6,1,local,1,,0,,0,,retroachievements,
19272,~Homebrew~ Marzipan Beef Reverser,Homebrew,9,1,local,1,Marzipan Beef Reverser (World) (v2.0) (Aftermarket) (Unl),4,Marzipan Beef Reverser (World) (v2.0) (Aftermarket) (Unl),0,,"nointro,retroachievements",
19576,~Homebrew~ Porklike: Wurst Comes to Worst,Homebrew,17,1,local,1,Porklike (World) (v1.05) (SGB Enhanced) (Aftermarket) (Unl),4,Porklike (World) (v1.05) (SGB Enhanced) (Aftermarket) (Unl),0,,"nointro,retroachievements",
19859,~Homebrew~ Birdie Bartender,Homebrew,7,1,local,1,Birdie Bartender (World) (v1.2) (Aftermarket) (Unl),4,"Birdy Bartender (World) (v1.2) (Aftermarket) (Unl),Birdie Bartender (World) (v1.2) (Aftermarket) (Unl)",0,,retroachievements,
20083,~Hack~ Super Mario Land: Timelines,Hack,17,1,local,1,,0,,0,,retroachievements,
20097,Tiny Toon Adventures 2: Buster Bunny no Kattobi Daibouken,Official,32,1,local,1,Tiny Toon Adventures 2 - Buster Bunny no Kattobi Daibouken (Japan),4,Tiny Toon Adventures 2 - Buster Bunny no Kattobi Daibouken (Japan),0,,"nointro,retroachievements",
20292,Heracles no Eikou: Ugokidashita Kamigami,Official,52,1,local,1,,0,,0,,retroachievements,
20298,~Hack~ Threetris,Hack,25,1,unmatched,0,,0,,0,,,
20364,~Homebrew~ Elden Ring,Homebrew,7,1,local,1,Elden Ring GB (World) (Aftermarket) (Unl),4,Elden Ring GB (World) (Aftermarket) (Unl),0,,"nointro,retroachievements",
20370,~Homebrew~ Atop the Witch's Tower GB,Homebrew,17,1,local,1,,0,,0,,retroachievements,
20624,~Homebrew~ Swordbird Song: The Iron Owl Tower,Homebrew,13,1,local,1,,0,,0,,retroachievements,
21533,~Hack~ Pokémon Regulation Red | Regulation Blue [Subset - Solo Challenge],Hack,151,2,local,2,,0,,0,,retroachievements,
21558,~Homebrew~ Melanie and the Magic Forest,Homebrew,12,1,local,1,,0,,0,,retroachievements,
21929,~Homebrew~ Wordyl,Homebrew,8,1,local,1,,0,,0,,retroachievements,
22048,~Homebrew~ Space Landing,Homebrew,6,1,local,1,,0,,0,,retroachievements,
22120,Magic Knight Rayearth,Official,42,3,local,1,Magic Knight Rayearth (Japan) (SGB Enhanced),4,Magic Knight Rayearth (Japan) (SGB Enhanced),0,,nointro,
22390,Uchuu no Kishi Tekkaman Blade,Official,20,1,local,1,,0,,0,,retroachievements,
22395,~Homebrew~ Phobos Dere .GB,Homebrew,24,1,local,1,Phobos Dere .GB (World) (Aftermarket) (Unl),4,Phobos Dere .GB (World) (Aftermarket) (Unl),0,,"nointro,retroachievements",
22401,~Homebrew~ Retro Adventure,Homebrew,23,1,local,1,,0,,0,,retroachievements,
22424,Gamera: Daikaijuu Kuuchuu Kessen,Official,11,2,local,2,Gamera - Daikaijuu Kuuchuu Kessen (Japan) (SGB Enhanced),4,Gamera - Daikaijuu Kuuchuu Kessen (Japan) (SGB Enhanced),0,,"nointro,retroachievements",
22572,~Homebrew~ Traumatarium,Homebrew,10,1,local,1,,0,,1,Traumatarium (World) (Demo) (2021-12-09) (Aftermarket) (Unl),"nointro,retroachievements",
22573,~Homebrew~ Cargo,Homebrew,7,1,local,1,,0,,0,,retroachievements,
22655,Bishoujo Senshi Sailor Moon R,Official,18,1,local,1,Bishoujo Senshi Sailor Moon R (Japan),4,Bishoujo Senshi Sailor Moon R (Japan),0,,"nointro,retroachievements",
22656,Game Boy Gallery 2,Official,24,1,local,1,Game Boy Gallery 2 (Japan) (SGB Enhanced),4,Game Boy Gallery 2 (Japan) (SGB Enhanced),0,,"nointro,retroachievements",
22842,~Homebrew~ ~Prototype~ Silent Hill 2: 20th Anniversary Demake,Homebrew/Prototype,29,1,local,1,,0,,0,,retroachievements,
22851,Pokémon Yellow Version: Special Pikachu Edition [Subset - Prof. Oak Challenge],Official,138,1,local,1,,0,,0,,retroachievements,
22854,Pocket Monsters Ao [Subset - Professor Oak Challenge],Official,135,1,local,1,,0,,0,,retroachievements,
23796,~Homebrew~ ~Demo~ Halo: Combat Devolved,Homebrew/Demo,13,1,local,1,,0,,0,,retroachievements,
23801,"~Homebrew~ Hey You, Pikachu! Demake",Homebrew,20,1,unmatched,0,,0,,0,,,
24177,~Homebrew~ Zelda's Adventure,Homebrew,52,1,local,1,Zelda's Adventure (World) (v1.3.0) (Aftermarket) (Unl),4,Zelda's Adventure (World) (v1.3.0) (Aftermarket) (Unl),0,,"nointro,retroachievements",
24449,4-in-1 Funpak: Volume II,Official,28,1,local,1,"4-in-1 Funpak - Volume II (USA, Europe)",4,"4-in-1 Funpak - Volume II (USA, Europe)",0,,nointro,
24702,~Hack~ Pokémon Yellow: Cramorant Edition,Hack,106,2,local,2,,0,,0,,retroachievements,
24705,~Homebrew~ ~Demo~ Undertale Gameboy Demake,Homebrew/Demo,15,1,local,1,,0,,0,,retroachievements,
25016,~Homebrew~ Logic Island,Homebrew,30,1,local,1,,0,,0,,retroachievements,
25206,~Homebrew~ Capybara Quest,Homebrew,8,1,local,1,,0,,0,,retroachievements,
25261,~Homebrew~ Soul Void Redux,Homebrew,28,1,local,1,,0,,0,,retroachievements,
25300,~Homebrew~ He Fucked the Girl Out of Me.,Homebrew,25,1,local,1,,0,,0,,retroachievements,
25371,~Homebrew~ Rex Run,Homebrew,9,1,local,1,Rex Run (World) (Aftermarket) (Unl),3,Rex Run (World) (Aftermarket) (Unl),0,,retroachievements,
25390,~Homebrew~ GB Lunar Lander,Homebrew,24,1,unmatched,0,,0,,0,,,
25391,~Homebrew~ Bug Bites!,Homebrew,7,1,local,1,Bug Bites! (World) (Aftermarket) (Unl),4,Bug Bites! (World) (Aftermarket) (Unl),0,,"nointro,retroachievements",
25619,Kaijuu Ou Gojira,Official,15,1,local,1,Kaijuu Ou Gojira (Japan),4,Kaijuu Ou Gojira (Japan),0,,nointro,
25785,~Homebrew~ Rhythm Land,Homebrew,11,1,local,1,Rhythm Land (World) (v1.0.1) (Aftermarket) (Unl),4,Rhythm Land (World) (v1.0.1) (Aftermarket) (Unl),0,,"nointro,retroachievements",
25829,~Homebrew~ Banished,Homebrew,8,1,local,1,,0,,0,,retroachievements,
26083,~Homebrew~ Flappy Bird GB,Homebrew,15,1,local,1,,0,,0,,retroachievements,
26084,~Homebrew~ Nightshift,Homebrew,9,1,local,1,,0,,0,,retroachievements,
26474,~Homebrew~ Bear Boy,Homebrew,6,1,local,1,,0,,0,,retroachievements,
26957,~Homebrew~ Slime Trials,Homebrew,7,1,local,1,,0,,0,,retroachievements,
27322,~Homebrew~ Batty Zabella,Homebrew,19,1,local,1,,0,,0,,"nointro,retroachievements",
27342,Asteroids,Official,13,1,local,1,"Asteroids (USA, Europe)",4,"Asteroids (USA, Europe)",0,,nointro,
27366,~Homebrew~ Renegade Rush,Homebrew,10,1,local,1,,0,,0,,retroachievements,
27387,~Homebrew~ Magipanels,Homebrew,32,1,local,1,,0,,0,,"nointro,retroachievements",
27432,~Homebrew~ You Are a Skeleton & That Is a Problem,Homebrew,12,1,local,1,,0,,0,,retroachievements,
27533,~Homebrew~ The Dead in My Living Room,Homebrew,11,1,local,1,,0,,0,,retroachievements,
27582,~Homebrew~ Yuuto Ichika Makes Friends,Homebrew,9,1,local,1,"Yuuto Ichika Makes Friends (World) (En,Ja) (Aftermarket) (Unl)",4,"Yuuto Ichika Makes Friends (World) (En,Ja) (Aftermarket) (Unl)",0,,"nointro,retroachievements",
27709,"~Hack~ Shin Pokémon Red, Blue, and Green",Hack,60,5,unmatched,0,,0,,0,,,
27864,Gyogun Tanchiki: Pocket Sonar,Official,9,1,local,1,Pocket Sonar (Japan),4,Pocket Sonar (Japan),0,,"nointro,retroachievements",
28237,~Hack~ Kanto Expansion Pak,Hack,100,2,unmatched,0,,0,,0,,,
28392,~Homebrew~ Dead by Daylight,Homebrew,7,1,local,1,,0,,0,,retroachievements,
28689,~Homebrew~ Fishin' for Average Caucasian Boyfriends,Homebrew,7,1,local,1,,0,,0,,retroachievements,
28900,~Homebrew~ Lee Carvallo's Putting Challenge 2,Homebrew,18,1,local,1,,0,,0,,retroachievements,
29295,Pokémon Blue Version [Subset - Professor Oak Challenge],Official,133,1,local,1,,0,,0,,retroachievements,
29665,~Homebrew~ Cosmic Courier: Trapped in Limbo,Homebrew,7,1,local,1,Cosmic Courier - Trapped in Limbo (World) (Aftermarket) (Unl),4,Cosmic Courier - Trapped in Limbo (World) (Aftermarket) (Unl),0,,"nointro,retroachievements",
29764,~Homebrew~ Yakuza GB,Homebrew,6,1,local,1,,0,,0,,retroachievements,
29776,~Homebrew~ Ciao Nonna,Homebrew,9,2,local,2,,0,,0,,retroachievements,
29783,~Homebrew~ Sacred Meat,Homebrew,11,1,local,1,Sacred Meat (World) (v1.3) (Aftermarket) (Unl),4,Sacred Meat (World) (v1.3) (Aftermarket) (Unl),0,,"nointro,retroachievements",
29794,~Homebrew~ Yoru no Kasou,Homebrew,27,1,local,1,,0,,0,,retroachievements,
29798,Torpedo Range,Official,19,1,local,1,Torpedo Range (USA),4,Torpedo Range (USA),0,,"nointro,retroachievements",
29935,~Homebrew~ Jabberwocky,Homebrew,7,1,local,1,Jabberwocky (World) (Aftermarket) (Unl),4,Jabberwocky (World) (Aftermarket) (Unl),0,,"nointro,retroachievements",
30159,Yakuman [Subset - Yakumaster],Official,12,3,local,3,,0,,0,,retroachievements,
30164,~Homebrew~ ~Demo~ Senshijidaino Kyoryu: DINOPREHIS!,Homebrew/Demo,6,2,local,2,,0,,0,,retroachievements,
30849,~Homebrew~ Dog's Muck Island,Homebrew,7,1,local,1,Dog's Muck Island (World) (Aftermarket) (Unl),4,Dog's Muck Island (World) (Aftermarket) (Unl),0,,"nointro,retroachievements",
31198,~Homebrew~ Gorf the Ghost Saves Halloween,Homebrew,17,1,local,1,,0,,0,,retroachievements,
31199,~Homebrew~ Niñoid,Homebrew,6,1,local,1,,0,,0,,retroachievements,
31314,~Homebrew~ ~Demo~ Persona 5 Pocket Edition,Homebrew/Demo,6,1,local,1,,0,,0,,retroachievements,
32009,~Hack~ Pokémon PureRGB,Hack,77,12,local,9,,0,,0,,retroachievements,
32487,~Homebrew~ Frog Detective -1,Homebrew,8,1,local,1,,0,,0,,retroachievements,
32578,~Prototype~ John Madden Football,Prototype,16,1,local,1,John Madden Football (USA) (Proto 2) (SGB Enhanced),4,John Madden Football (USA) (Proto 2) (SGB Enhanced),0,,nointro,
32840,~Homebrew~ Gunship,Homebrew,15,1,local,1,Gunship (World) (Aftermarket) (Unl),4,Gunship (World) (Aftermarket) (Unl),0,,"nointro,retroachievements",
32927,~Hack~ Super Mario Land Hack 2017: Tatanga's Revenge,Hack,16,1,local,1,,0,,0,,retroachievements,
32928,~Hack~ Pokémon Professor Oak Challenge,Hack,8,2,local,2,,0,,0,,retroachievements,
33115,~Homebrew~ UNPAN,Homebrew,8,1,local,1,,0,,0,,retroachievements,
33488,Lingo,Official,10,1,local,1,"Lingo (Europe) (En,Fr,De,Nl)",4,"Lingo (Europe) (En,Fr,De,Nl)",0,,"nointro,retroachievements",
33578,~Homebrew~ 204863: A P.T. Silent Hills Demake,Homebrew,11,1,local,1,,0,,0,,retroachievements,
33579,~Homebrew~ Virtual BMO,Homebrew,8,1,local,1,,0,,0,,retroachievements,
33588,Mogura de Pon!,Official,11,1,local,1,Mogura de Pon! (Japan),4,Mogura de Pon! (Japan),0,,"nointro,retroachievements",
33616,~Hack~ Urinary Samus,Hack,7,1,local,1,,0,,0,,retroachievements,
34028,~Homebrew~ Squid Game Boy,Homebrew,20,1,local,1,,0,,0,,retroachievements,
34094,~Hack~ SaGa 2: A Haniwa's Contingency,Hack,81,1,local,1,,0,,0,,retroachievements,
34095,~Hack~ SaGa 2: A Haniwa's Contingency [Subset - Insane Mode],Hack,41,1,local,1,,0,,0,,retroachievements,
34129,~Homebrew~ GSPS The Game,Homebrew,8,2,local,2,,0,,0,,retroachievements,
34304,~Hack~ SaGa 2: A Haniwa's Contingency [Subset - Monotype Party],Hack,60,1,local,1,,0,,0,,retroachievements,
34313,~Homebrew~ Uma Musume Delish Derby,Homebrew,11,1,local,1,,0,,0,,retroachievements,
34534,~Homebrew~ Game of Life Kuzushi,Homebrew,27,1,local,1,,0,,0,,retroachievements,
37076,~Homebrew~ Fydo's Magic Tiles,Homebrew,12,1,local,1,,0,,0,,nointro,
37082,~Homebrew~ Vampire Night Shift,Homebrew,8,1,local,1,Vampire Night Shift (World) (Aftermarket) (Unl),4,Vampire Night Shift (World) (Aftermarket) (Unl),0,,"nointro,retroachievements",
37506,"~Hack~ Shin Pokémon Red, Blue, and Green [Subset - Shiny Pokémon]",Hack,151,5,unmatched,0,,0,,0,,,
37578,~Homebrew~ Helichoppy,Homebrew,19,1,unmatched,0,,0,,0,,,
38047,~Homebrew~ GB Dash,Homebrew,6,1,unmatched,0,,0,,0,,,
38064,~Hack~ Embers of Mana,Hack,51,3,unmatched,0,,0,,0,,,
41178,~Homebrew~ Friend Of The Void,Homebrew,6,1,local,1,Friend of the Void (World) (Aftermarket) (Unl),4,Friend of the Void (World) (Aftermarket) (Unl),0,,nointro,
41239,~Homebrew~ Flooder,Homebrew,6,1,unmatched,0,,0,,0,,,
41261,~Homebrew~ Unfair Flips: Unofficial Pocket Edition,Homebrew,8,1,unmatched,0,,0,,0,,,
45048,~Homebrew~ Unown Message,Homebrew,7,1,unmatched,0,,0,,0,,,
