ra_game_id,title,category,achievements,status,dat_games,nointro_db_titles
38064,~Hack~ Embers of Mana,Hack,51,unmatched,,
28237,~Hack~ Kanto Expansion Pak,Hack,100,unmatched,,
27709,"~Hack~ Shin Pokémon Red, Blue, and Green",Hack,60,unmatched,,
37506,"~Hack~ Shin Pokémon Red, Blue, and Green [Subset - Shiny Pokémon]",Hack,151,unmatched,,
20298,~Hack~ Threetris,Hack,25,unmatched,,
41239,~Homebrew~ Flooder,Homebrew,6,unmatched,,
38047,~Homebrew~ GB Dash,Homebrew,6,unmatched,,
25390,~Homebrew~ GB Lunar Lander,Homebrew,24,unmatched,,
37578,~Homebrew~ Helichoppy,Homebrew,19,unmatched,,
23801,"~Homebrew~ Hey You, Pikachu! Demake",Homebrew,20,unmatched,,
41261,~Homebrew~ Unfair Flips: Unofficial Pocket Edition,Homebrew,8,unmatched,,
45048,~Homebrew~ Unown Message,Homebrew,7,unmatched,,
7808,Animal Breeder,Official,16,unmatched,,
